,G8H,pG8H,pCPR,CPR,Predicted_stric_production
0,Smus,ENO2,TPI1,Cro,231.40186599872047
1,Smus,ENO2,TPI1,Aan,231.40186599872047
2,Smus,ENO2,TPI1,Clo,231.40186599872047
3,Smus,ENO2,TPI1,Rse,231.40186599872047
4,Smus,ENO2,TPI1,Ahu,231.40186599872047
5,Smus,ENO2,TPI1,Ani,231.40186599872047
6,Smus,ENO2,TPI1,Cac,231.40186599872047
7,Smus,ENO2,TPI1,Oeu,231.40186599872047
8,Smus,ENO2,TPI1,Cpo,231.40186599872047
9,Smus,ENO2,CCW12,Cac,96.51515480179133
10,Smus,ENO2,CCW12,Ahu,96.51515480179133
11,Smus,ENO2,CCW12,Clo,96.51515480179133
12,Smus,ENO2,CCW12,Oeu,96.51515480179133
13,Smus,ENO2,CCW12,Cpo,96.51515480179133
14,Smus,ENO2,CCW12,Ani,96.51515480179133
15,Smus,ENO2,CCW12,Ara,96.51515480179133
16,Smus,ENO2,CCW12,Aan,96.51515480179133
17,Smus,ENO2,CCW12,Cro,96.51515480179133
18,Oeu,ENO2,TPI1,Clo,92.1019656817231
19,Oeu,ENO2,TPI1,Ara,92.1019656817231
20,Oeu,ENO2,TPI1,Aan,92.1019656817231
21,Oeu,ENO2,TPI1,Ahu,92.1019656817231
22,Oeu,ENO2,TPI1,Ani,92.1019656817231
23,Oeu,ENO2,TPI1,Cac,92.1019656817231
24,Oeu,ENO2,TPI1,Oeu,92.1019656817231
25,Oeu,ENO2,TPI1,Cpo,92.1019656817231
26,Oeu,ENO2,TPI1,Rse,92.1019656817231
27,Rsep,ENO2,CCW12,Cpo,90.42132300571976
28,Rsep,ENO2,CCW12,Oeu,90.42132300571976
29,Rsep,ENO2,CCW12,Aan,90.42132300571976
30,Rsep,ENO2,CCW12,Cac,90.42132300571976
31,Rsep,ENO2,CCW12,Ani,90.42132300571976
32,Rsep,ENO2,CCW12,Ahu,90.42132300571976
33,Rsep,ENO2,CCW12,Rse,90.42132300571976
34,Rsep,ENO2,CCW12,Ara,90.42132300571976
35,Rsep,ENO2,CCW12,Cro,90.42132300571976
36,Smus,CYC1,TPI1,Cpo,89.85420866318174
37,Smus,CYC1,TPI1,Ahu,89.85420866318174
38,Smus,CYC1,TPI1,Rse,89.85420866318174
39,Smus,CYC1,TPI1,Clo,89.85420866318174
40,Smus,CYC1,TPI1,Ara,89.85420866318174
41,Smus,CYC1,TPI1,Cro,89.85420866318174
42,Smus,CYC1,TPI1,Aan,89.85420866318174
43,Smus,CYC1,TPI1,Ani,89.85420866318174
44,Vmin,ENO2,TPI1,Clo,69.02492294663426
45,Vmin,ENO2,TPI1,Rse,69.02492294663426
46,Vmin,ENO2,TPI1,Ahu,69.02492294663426
47,Vmin,ENO2,TPI1,Cro,69.02492294663426
48,Vmin,ENO2,TPI1,Aan,69.02492294663426
49,Vmin,ENO2,TPI1,Ani,69.02492294663426
50,Vmin,ENO2,TPI1,Cac,69.02492294663426
51,Vmin,ENO2,TPI1,Cpo,69.02492294663426
52,Rsep,ENO2,TPI1,Cpo,65.1104579360343
53,Rsep,ENO2,TPI1,Cro,65.1104579360343
54,Rsep,ENO2,TPI1,Oeu,65.1104579360343
55,Rsep,ENO2,TPI1,Ara,65.1104579360343
56,Rsep,ENO2,TPI1,Clo,65.1104579360343
57,Rsep,ENO2,TPI1,Ani,65.1104579360343
58,Rsep,ENO2,TPI1,Cac,65.1104579360343
59,Rsep,ENO2,TPI1,Aan,65.1104579360343
60,Vmin,ENO2,CCW12,Clo,61.99063866112597
61,Vmin,ENO2,CCW12,Aan,61.99063866112597
62,Vmin,ENO2,CCW12,Cro,61.99063866112597
63,Vmin,ENO2,CCW12,Oeu,61.99063866112597
64,Vmin,ENO2,CCW12,Rse,61.99063866112597
65,Vmin,ENO2,CCW12,Ahu,61.99063866112597
66,Vmin,ENO2,CCW12,Cpo,61.99063866112597
67,Vmin,ENO2,CCW12,Cac,61.99063866112597
68,Vmin,ENO2,CCW12,Ani,61.99063866112597
69,Smus,CYC1,CCW12,Cac,55.19792762074011
70,Smus,CYC1,CCW12,Ani,55.19792762074011
71,Smus,CYC1,CCW12,Cro,55.19792762074011
72,Smus,CYC1,CCW12,Aan,55.19792762074011
73,Smus,CYC1,CCW12,Ara,55.19792762074011
74,Smus,CYC1,CCW12,Clo,55.19792762074011
75,Smus,CYC1,CCW12,Cpo,55.19792762074011
76,Smus,CYC1,CCW12,Rse,55.19792762074011
77,Smus,CYC1,CCW12,Ahu,55.19792762074011
78,Oeu,ENO2,CCW12,Cac,47.101947781537895
79,Oeu,ENO2,CCW12,Ahu,47.101947781537895
80,Oeu,ENO2,CCW12,Oeu,47.101947781537895
81,Oeu,ENO2,CCW12,Aan,47.101947781537895
82,Oeu,ENO2,CCW12,Ara,47.101947781537895
83,Oeu,ENO2,CCW12,Clo,47.101947781537895
84,Oeu,ENO2,CCW12,Rse,47.101947781537895
85,Oeu,ENO2,CCW12,Ani,47.101947781537895
86,Rsep,CYC1,CCW12,Aan,44.58108447579586
87,Rsep,CYC1,CCW12,Cro,44.58108447579586
88,Rsep,CYC1,CCW12,Ara,44.58108447579586
89,Rsep,CYC1,CCW12,Clo,44.58108447579586
90,Rsep,CYC1,CCW12,Ahu,44.58108447579586
91,Rsep,CYC1,CCW12,Cac,44.58108447579586
92,Rsep,CYC1,CCW12,Oeu,44.58108447579586
93,Rsep,CYC1,CCW12,Cpo,44.58108447579586
94,Cro,ENO2,TPI1,Cpo,39.03167123349608
95,Cro,ENO2,TPI1,Cro,39.03167123349608
96,Cro,ENO2,TPI1,Ara,39.03167123349608
97,Cro,ENO2,TPI1,Clo,39.03167123349608
98,Cro,ENO2,TPI1,Rse,39.03167123349608
99,Cro,ENO2,TPI1,Ani,39.03167123349608
100,Cro,ENO2,TPI1,Cac,39.03167123349608
101,Cro,ENO2,TPI1,Oeu,39.03167123349608
102,Smus,ENO2,URE2,Rse,36.3260395544135
103,Smus,ENO2,URE2,Ahu,36.3260395544135
104,Smus,ENO2,URE2,Aan,36.3260395544135
105,Smus,ENO2,URE2,Ara,36.3260395544135
106,Smus,ENO2,URE2,Ani,36.3260395544135
107,Smus,ENO2,URE2,Oeu,36.3260395544135
108,Smus,ENO2,URE2,Cro,36.3260395544135
109,Smus,ENO2,URE2,Cpo,36.3260395544135
110,Rsep,ENO2,URE2,Clo,36.01689036354171
111,Rsep,ENO2,URE2,Cpo,36.01689036354171
112,Rsep,ENO2,URE2,Oeu,36.01689036354171
113,Rsep,ENO2,URE2,Rse,36.01689036354171
114,Rsep,ENO2,URE2,Ahu,36.01689036354171
115,Rsep,ENO2,URE2,Cro,36.01689036354171
116,Rsep,ENO2,URE2,Aan,36.01689036354171
117,Rsep,ENO2,URE2,Ara,36.01689036354171
118,Vmin,CYC1,CCW12,Cro,35.96230555654291
119,Vmin,CYC1,CCW12,Clo,35.96230555654291
120,Vmin,CYC1,CCW12,Ahu,35.96230555654291
121,Vmin,CYC1,CCW12,Ani,35.96230555654291
122,Vmin,CYC1,CCW12,Cac,35.96230555654291
123,Vmin,CYC1,CCW12,Oeu,35.96230555654291
124,Vmin,CYC1,CCW12,Cpo,35.96230555654291
125,Vmin,CYC1,CCW12,Ara,35.96230555654291
126,Vmin,CYC1,CCW12,Aan,35.96230555654291
127,Cro,CYC1,TPI1,Oeu,34.845284755639085
128,Cro,CYC1,TPI1,Cpo,34.845284755639085
129,Cro,CYC1,TPI1,Aan,34.845284755639085
130,Cro,CYC1,TPI1,Ara,34.845284755639085
131,Cro,CYC1,TPI1,Clo,34.845284755639085
132,Cro,CYC1,TPI1,Rse,34.845284755639085
133,Cro,CYC1,TPI1,Ahu,34.845284755639085
134,Cro,CYC1,TPI1,Ani,34.845284755639085
135,Oeu,CYC1,CCW12,Cro,33.3792095702103
136,Oeu,CYC1,CCW12,Ara,33.3792095702103
137,Oeu,CYC1,CCW12,Clo,33.3792095702103
138,Oeu,CYC1,CCW12,Cac,33.3792095702103
139,Oeu,CYC1,CCW12,Oeu,33.3792095702103
140,Oeu,CYC1,CCW12,Cpo,33.3792095702103
141,Oeu,CYC1,CCW12,Ani,33.3792095702103
142,Oeu,CYC1,CCW12,Ahu,33.3792095702103
143,Oeu,CYC1,CCW12,Rse,33.3792095702103
144,Smus,ENO2,MLS1,Cac,33.31647597776048
145,Smus,ENO2,MLS1,Ahu,33.31647597776048
146,Smus,ENO2,MLS1,Cpo,33.31647597776048
147,Smus,ENO2,MLS1,Oeu,33.31647597776048
148,Smus,ENO2,MLS1,Ani,33.31647597776048
149,Smus,ENO2,MLS1,Cro,33.31647597776048
150,Smus,ENO2,MLS1,Aan,33.31647597776048
151,Smus,ENO2,MLS1,Ara,33.31647597776048
152,Smus,ENO2,MLS1,Clo,33.31647597776048
153,Smus,ENO2,MLS1,Rse,33.31647597776048
154,Opum,ENO2,CCW12,Cac,32.23812657101165
155,Opum,ENO2,CCW12,Ara,32.23812657101165
156,Opum,ENO2,CCW12,Clo,32.23812657101165
157,Opum,ENO2,CCW12,Rse,32.23812657101165
158,Opum,ENO2,CCW12,Ahu,32.23812657101165
159,Opum,ENO2,CCW12,Ani,32.23812657101165
160,Opum,ENO2,CCW12,Oeu,32.23812657101165
161,Opum,ENO2,CCW12,Cpo,32.23812657101165
162,Cro,ENO2,CCW12,Ara,32.15344303490297
163,Cro,ENO2,CCW12,Aan,32.15344303490297
164,Cro,ENO2,CCW12,Ani,32.15344303490297
165,Cro,ENO2,CCW12,Cac,32.15344303490297
166,Cro,ENO2,CCW12,Oeu,32.15344303490297
167,Cro,ENO2,CCW12,Cpo,32.15344303490297
168,Cro,ENO2,CCW12,Clo,32.15344303490297
169,Cro,ENO2,CCW12,Rse,32.15344303490297
170,Cro,ENO2,CCW12,Ahu,32.15344303490297
171,Cro,ENO2,CCW12,Cro,32.15344303490297
172,Oeu,ENO2,URE2,Oeu,30.423513804053066
173,Oeu,ENO2,URE2,Cpo,30.423513804053066
174,Oeu,ENO2,URE2,Cac,30.423513804053066
175,Oeu,ENO2,URE2,Ahu,30.423513804053066
176,Oeu,ENO2,URE2,Ara,30.423513804053066
177,Oeu,ENO2,URE2,Aan,30.423513804053066
178,Oeu,ENO2,URE2,Cro,30.423513804053066
179,Oeu,ENO2,URE2,Rse,30.423513804053066
180,Oeu,ENO2,URE2,Clo,30.423513804053066
181,Oeu,ENO2,URE2,Ani,30.423513804053066
182,Oeu,ENO2,MLS1,Aan,29.048463065224595
183,Oeu,ENO2,MLS1,Ara,29.048463065224595
184,Oeu,ENO2,MLS1,Clo,29.048463065224595
185,Oeu,ENO2,MLS1,Ahu,29.048463065224595
186,Oeu,ENO2,MLS1,Ani,29.048463065224595
187,Oeu,ENO2,MLS1,Cac,29.048463065224595
188,Oeu,ENO2,MLS1,Oeu,29.048463065224595
189,Oeu,ENO2,MLS1,Cpo,29.048463065224595
190,Oeu,ENO2,MLS1,Cro,29.048463065224595
191,Oeu,ENO2,MLS1,Rse,29.048463065224595
192,Rsep,ENO2,MLS1,Cro,28.309411426925884
193,Rsep,ENO2,MLS1,Ani,28.309411426925884
194,Rsep,ENO2,MLS1,Oeu,28.309411426925884
195,Rsep,ENO2,MLS1,Cpo,28.309411426925884
196,Rsep,ENO2,MLS1,Cac,28.309411426925884
197,Rsep,ENO2,MLS1,Aan,28.309411426925884
198,Rsep,ENO2,MLS1,Ahu,28.309411426925884
199,Rsep,ENO2,MLS1,Rse,28.309411426925884
200,Rsep,ENO2,MLS1,Clo,28.309411426925884
201,Rsep,ENO2,MLS1,Ara,28.309411426925884
202,Ccal,ENO2,CCW12,Ara,27.24942036263649
203,Ccal,ENO2,CCW12,Rse,27.24942036263649
204,Ccal,ENO2,CCW12,Ahu,27.24942036263649
205,Ccal,ENO2,CCW12,Ani,27.24942036263649
206,Ccal,ENO2,CCW12,Cac,27.24942036263649
207,Ccal,ENO2,CCW12,Oeu,27.24942036263649
208,Ccal,ENO2,CCW12,Cpo,27.24942036263649
209,Ccal,ENO2,CCW12,Aan,27.24942036263649
210,Ccal,ENO2,CCW12,Cro,27.24942036263649
211,Ccal,ENO2,CCW12,Clo,27.24942036263649
212,Cro,CYC1,CCW12,Ara,24.90695700258988
213,Cro,CYC1,CCW12,Aan,24.90695700258988
214,Cro,CYC1,CCW12,Cro,24.90695700258988
215,Cro,CYC1,CCW12,Cac,24.90695700258988
216,Cro,CYC1,CCW12,Clo,24.90695700258988
217,Cro,CYC1,CCW12,Rse,24.90695700258988
218,Cro,CYC1,CCW12,Ahu,24.90695700258988
219,Cro,CYC1,CCW12,Ani,24.90695700258988
220,Cro,CYC1,CCW12,Cpo,24.90695700258988
221,Cro,CYC1,CCW12,Oeu,24.90695700258988
222,Vmin,CYC1,TPI1,Ara,24.81937561732253
223,Vmin,CYC1,TPI1,Ahu,24.81937561732253
224,Vmin,CYC1,TPI1,Cpo,24.81937561732253
225,Vmin,CYC1,TPI1,Oeu,24.81937561732253
226,Vmin,CYC1,TPI1,Cac,24.81937561732253
227,Vmin,CYC1,TPI1,Ani,24.81937561732253
228,Vmin,CYC1,TPI1,Rse,24.81937561732253
229,Vmin,CYC1,TPI1,Clo,24.81937561732253
230,Vmin,CYC1,TPI1,Aan,24.81937561732253
231,Vmin,CYC1,TPI1,Cro,24.81937561732253
232,Smus,CYC1,URE2,Ahu,19.001786126157512
233,Smus,CYC1,URE2,Aan,19.001786126157512
234,Smus,CYC1,URE2,Ara,19.001786126157512
235,Smus,CYC1,URE2,Clo,19.001786126157512
236,Smus,CYC1,URE2,Rse,19.001786126157512
237,Smus,CYC1,URE2,Cro,19.001786126157512
238,Smus,CYC1,URE2,Ani,19.001786126157512
239,Smus,CYC1,URE2,Oeu,19.001786126157512
240,Smus,CYC1,URE2,Cpo,19.001786126157512
241,Smus,CYC1,URE2,Cac,19.001786126157512
242,Smus,PCK1,TPI1,Ani,17.959412486690997
243,Smus,PCK1,TPI1,Cro,17.959412486690997
244,Smus,PCK1,TPI1,Oeu,17.959412486690997
245,Smus,PCK1,TPI1,Cac,17.959412486690997
246,Smus,PCK1,TPI1,Aan,17.959412486690997
247,Smus,PCK1,TPI1,Ara,17.959412486690997
248,Smus,PCK1,TPI1,Clo,17.959412486690997
249,Smus,PCK1,TPI1,Rse,17.959412486690997
250,Smus,PCK1,TPI1,Ahu,17.959412486690997
251,Smus,PCK1,TPI1,Cpo,17.959412486690997
252,Smus,RPL15B,TPI1,Ani,17.342597505586692
253,Smus,RPL15B,TPI1,Ara,17.342597505586692
254,Smus,RPL15B,TPI1,Aan,17.342597505586692
255,Smus,RPL15B,TPI1,Ahu,17.342597505586692
256,Smus,RPL15B,TPI1,Cpo,17.342597505586692
257,Smus,RPL15B,TPI1,Oeu,17.342597505586692
258,Smus,RPL15B,TPI1,Cac,17.342597505586692
259,Oeu,CYC1,TPI1,Cac,16.217809444550753
260,Oeu,CYC1,TPI1,Cro,16.217809444550753
261,Oeu,CYC1,TPI1,Ani,16.217809444550753
262,Oeu,CYC1,TPI1,Oeu,16.217809444550753
263,Oeu,CYC1,TPI1,Ahu,16.217809444550753
264,Oeu,CYC1,TPI1,Rse,16.217809444550753
265,Oeu,CYC1,TPI1,Clo,16.217809444550753
266,Oeu,CYC1,TPI1,Aan,16.217809444550753
267,Oeu,CYC1,TPI1,Cpo,16.217809444550753
268,Cro,ENO2,URE2,Ahu,16.082591284183913
269,Cro,ENO2,URE2,Cpo,16.082591284183913
270,Cro,ENO2,URE2,Rse,16.082591284183913
271,Cro,ENO2,URE2,Clo,16.082591284183913
272,Cro,ENO2,URE2,Ara,16.082591284183913
273,Cro,ENO2,URE2,Aan,16.082591284183913
274,Cro,ENO2,URE2,Cro,16.082591284183913
275,Cro,ENO2,URE2,Ani,16.082591284183913
276,Cro,ENO2,URE2,Cac,16.082591284183913
277,Cro,ENO2,URE2,Oeu,16.082591284183913
278,Vmin,ENO2,URE2,Ara,14.53511829651438
279,Vmin,ENO2,URE2,Cpo,14.53511829651438
280,Vmin,ENO2,URE2,Oeu,14.53511829651438
281,Vmin,ENO2,URE2,Cac,14.53511829651438
282,Vmin,ENO2,URE2,Cro,14.53511829651438
283,Vmin,ENO2,URE2,Ani,14.53511829651438
284,Vmin,ENO2,URE2,Ahu,14.53511829651438
285,Vmin,ENO2,URE2,Clo,14.53511829651438
286,Vmin,ENO2,URE2,Aan,14.53511829651438
287,Ccal,CYC1,CCW12,Oeu,13.930932662413577
288,Ccal,CYC1,CCW12,Cpo,13.930932662413577
289,Ccal,CYC1,CCW12,Cac,13.930932662413577
290,Ccal,CYC1,CCW12,Cro,13.930932662413577
291,Ccal,CYC1,CCW12,Aan,13.930932662413577
292,Ccal,CYC1,CCW12,Ara,13.930932662413577
293,Ccal,CYC1,CCW12,Clo,13.930932662413577
294,Ccal,CYC1,CCW12,Rse,13.930932662413577
295,Ccal,CYC1,CCW12,Ani,13.930932662413577
296,Ccal,CYC1,CCW12,Ahu,13.930932662413577
297,Vmin,ENO2,MLS1,Rse,13.54094570450274
298,Vmin,ENO2,MLS1,Cro,13.54094570450274
299,Vmin,ENO2,MLS1,Aan,13.54094570450274
300,Vmin,ENO2,MLS1,Cpo,13.54094570450274
301,Vmin,ENO2,MLS1,Oeu,13.54094570450274
302,Vmin,ENO2,MLS1,Cac,13.54094570450274
303,Vmin,ENO2,MLS1,Ani,13.54094570450274
304,Vmin,ENO2,MLS1,Ahu,13.54094570450274
305,Vmin,ENO2,MLS1,Clo,13.54094570450274
306,Vmin,ENO2,MLS1,Ara,13.54094570450274
307,Opum,ENO2,URE2,Clo,10.912468023169904
308,Opum,ENO2,URE2,Ara,10.912468023169904
309,Opum,ENO2,URE2,Aan,10.912468023169904
310,Opum,ENO2,URE2,Cro,10.912468023169904
311,Opum,ENO2,URE2,Cpo,10.912468023169904
312,Opum,ENO2,URE2,Oeu,10.912468023169904
313,Opum,ENO2,URE2,Cac,10.912468023169904
314,Opum,ENO2,URE2,Ani,10.912468023169904
315,Opum,ENO2,URE2,Ahu,10.912468023169904
316,Opum,ENO2,URE2,Rse,10.912468023169904
317,Smus,CYC1,MLS1,Rse,10.848924550574203
318,Smus,CYC1,MLS1,Cpo,10.848924550574203
319,Smus,CYC1,MLS1,Oeu,10.848924550574203
320,Smus,CYC1,MLS1,Ani,10.848924550574203
321,Smus,CYC1,MLS1,Ahu,10.848924550574203
322,Smus,CYC1,MLS1,Cac,10.848924550574203
323,Smus,CYC1,MLS1,Clo,10.848924550574203
324,Smus,CYC1,MLS1,Ara,10.848924550574203
325,Smus,CYC1,MLS1,Cro,10.848924550574203
326,Smus,CYC1,MLS1,Aan,10.848924550574203
327,Rsep,CYC1,URE2,Cac,9.775377284507773
328,Rsep,CYC1,URE2,Ani,9.775377284507773
329,Rsep,CYC1,URE2,Ahu,9.775377284507773
330,Rsep,CYC1,URE2,Rse,9.775377284507773
331,Rsep,CYC1,URE2,Clo,9.775377284507773
332,Rsep,CYC1,URE2,Cpo,9.775377284507773
333,Rsep,CYC1,URE2,Cro,9.775377284507773
334,Rsep,CYC1,URE2,Oeu,9.775377284507773
335,Rsep,CYC1,URE2,Ara,9.775377284507773
336,Cro,CYC1,URE2,Cpo,8.145571064869971
337,Cro,CYC1,URE2,Oeu,8.145571064869971
338,Cro,CYC1,URE2,Cac,8.145571064869971
339,Cro,CYC1,URE2,Ani,8.145571064869971
340,Cro,CYC1,URE2,Ahu,8.145571064869971
341,Cro,CYC1,URE2,Rse,8.145571064869971
342,Cro,CYC1,URE2,Aan,8.145571064869971
343,Cro,CYC1,URE2,Cro,8.145571064869971
344,Vmin,RPL15B,TPI1,Rse,8.099176367428914
345,Vmin,RPL15B,TPI1,Ani,8.099176367428914
346,Vmin,RPL15B,TPI1,Ahu,8.099176367428914
347,Vmin,RPL15B,TPI1,Clo,8.099176367428914
348,Vmin,RPL15B,TPI1,Cpo,8.099176367428914
349,Vmin,RPL15B,TPI1,Oeu,8.099176367428914
350,Vmin,RPL15B,TPI1,Cac,8.099176367428914
351,Oeu,PCK1,TPI1,Cro,8.092894955393794
352,Oeu,PCK1,TPI1,Aan,8.092894955393794
353,Oeu,PCK1,TPI1,Cpo,8.092894955393794
354,Oeu,PCK1,TPI1,Ara,8.092894955393794
355,Oeu,PCK1,TPI1,Clo,8.092894955393794
356,Oeu,PCK1,TPI1,Rse,8.092894955393794
357,Oeu,PCK1,TPI1,Ahu,8.092894955393794
358,Oeu,PCK1,TPI1,Oeu,8.092894955393794
359,Oeu,PCK1,TPI1,Ani,8.092894955393794
360,Oeu,PCK1,TPI1,Cac,8.092894955393794
361,Ccal,ENO2,URE2,Ani,7.813276403562538
362,Ccal,ENO2,URE2,Ahu,7.813276403562538
363,Ccal,ENO2,URE2,Rse,7.813276403562538
364,Ccal,ENO2,URE2,Clo,7.813276403562538
365,Ccal,ENO2,URE2,Ara,7.813276403562538
366,Ccal,ENO2,URE2,Aan,7.813276403562538
367,Ccal,ENO2,URE2,Cro,7.813276403562538
368,Ccal,ENO2,URE2,Cpo,7.813276403562538
369,Ccal,ENO2,URE2,Oeu,7.813276403562538
370,Ccal,ENO2,URE2,Cac,7.813276403562538
371,Opum,CYC1,CCW12,Cac,7.700162833759004
372,Opum,CYC1,CCW12,Cpo,7.700162833759004
373,Opum,CYC1,CCW12,Oeu,7.700162833759004
374,Opum,CYC1,CCW12,Ahu,7.700162833759004
375,Opum,CYC1,CCW12,Rse,7.700162833759004
376,Opum,CYC1,CCW12,Clo,7.700162833759004
377,Opum,CYC1,CCW12,Ara,7.700162833759004
378,Opum,CYC1,CCW12,Aan,7.700162833759004
379,Opum,CYC1,CCW12,Cro,7.700162833759004
380,Opum,ENO2,TPI1,Cro,7.636811811717603
381,Opum,ENO2,TPI1,Aan,7.636811811717603
382,Opum,ENO2,TPI1,Ara,7.636811811717603
383,Opum,ENO2,TPI1,Rse,7.636811811717603
384,Opum,ENO2,TPI1,Ahu,7.636811811717603
385,Opum,ENO2,TPI1,Clo,7.636811811717603
386,Opum,ENO2,TPI1,Cac,7.636811811717603
387,Opum,ENO2,TPI1,Ani,7.636811811717603
388,Opum,ENO2,TPI1,Oeu,7.636811811717603
389,Opum,CYC1,TPI1,Ara,7.316072104910306
390,Opum,CYC1,TPI1,Cro,7.316072104910306
391,Opum,CYC1,TPI1,Cpo,7.316072104910306
392,Opum,CYC1,TPI1,Oeu,7.316072104910306
393,Opum,CYC1,TPI1,Ani,7.316072104910306
394,Opum,CYC1,TPI1,Ahu,7.316072104910306
395,Opum,CYC1,TPI1,Rse,7.316072104910306
396,Opum,CYC1,TPI1,Clo,7.316072104910306
397,Opum,CYC1,TPI1,Aan,7.316072104910306
398,Cro,PCK1,TPI1,Cac,7.048901755267368
399,Cro,PCK1,TPI1,Cpo,7.048901755267368
400,Cro,PCK1,TPI1,Oeu,7.048901755267368
401,Cro,PCK1,TPI1,Ani,7.048901755267368
402,Cro,PCK1,TPI1,Ahu,7.048901755267368
403,Cro,PCK1,TPI1,Rse,7.048901755267368
404,Cro,PCK1,TPI1,Aan,7.048901755267368
405,Ccal,PCK1,CCW12,Ani,6.791507979273106
406,Ccal,PCK1,CCW12,Cac,6.791507979273106
407,Ccal,PCK1,CCW12,Oeu,6.791507979273106
408,Ccal,PCK1,CCW12,Ahu,6.791507979273106
409,Ccal,PCK1,CCW12,Rse,6.791507979273106
410,Ccal,PCK1,CCW12,Ara,6.791507979273106
411,Ccal,PCK1,CCW12,Aan,6.791507979273106
412,Ccal,PCK1,CCW12,Cro,6.791507979273106
413,Ccal,PCK1,CCW12,Cpo,6.791507979273106
414,Ccal,PCK1,CCW12,Clo,6.791507979273106
415,Oeu,PCK1,URE2,Cpo,6.501548585277543
416,Oeu,PCK1,URE2,Ahu,6.501548585277543
417,Oeu,PCK1,URE2,Ani,6.501548585277543
418,Oeu,PCK1,URE2,Oeu,6.501548585277543
419,Oeu,PCK1,URE2,Rse,6.501548585277543
420,Oeu,PCK1,URE2,Aan,6.501548585277543
421,Oeu,PCK1,URE2,Ara,6.501548585277543
422,Oeu,PCK1,URE2,Clo,6.501548585277543
423,Oeu,PCK1,URE2,Cro,6.501548585277543
424,Vmin,PCK1,TPI1,Clo,6.093567816763622
425,Vmin,PCK1,TPI1,Rse,6.093567816763622
426,Vmin,PCK1,TPI1,Cpo,6.093567816763622
427,Vmin,PCK1,TPI1,Oeu,6.093567816763622
428,Vmin,PCK1,TPI1,Cro,6.093567816763622
429,Vmin,PCK1,TPI1,Aan,6.093567816763622
430,Vmin,PCK1,TPI1,Ara,6.093567816763622
431,Vmin,PCK1,TPI1,Ahu,6.093567816763622
432,Vmin,PCK1,TPI1,Ani,6.093567816763622
433,Vmin,PCK1,TPI1,Cac,6.093567816763622
434,Rsep,RPL15B,CCW12,Rse,5.659144100797182
435,Rsep,RPL15B,CCW12,Cpo,5.659144100797182
436,Rsep,RPL15B,CCW12,Ahu,5.659144100797182
437,Rsep,RPL15B,CCW12,Cro,5.659144100797182
438,Rsep,RPL15B,CCW12,Aan,5.659144100797182
439,Rsep,RPL15B,CCW12,Clo,5.659144100797182
440,Rsep,RPL15B,CCW12,Ani,5.659144100797182
441,Rsep,RPL15B,CCW12,Cac,5.659144100797182
442,Opum,PCK1,TPI1,Rse,5.479164151639937
443,Opum,PCK1,TPI1,Clo,5.479164151639937
444,Opum,PCK1,TPI1,Cro,5.479164151639937
445,Opum,PCK1,TPI1,Oeu,5.479164151639937
446,Opum,PCK1,TPI1,Ahu,5.479164151639937
447,Opum,PCK1,TPI1,Ani,5.479164151639937
448,Opum,PCK1,TPI1,Cac,5.479164151639937
449,Opum,PCK1,TPI1,Aan,5.479164151639937
450,Opum,PCK1,TPI1,Cpo,5.479164151639937
451,Opum,PCK1,TPI1,Ara,5.479164151639937
452,Rsep,CYC1,MLS1,Cro,5.006981109069361
453,Rsep,CYC1,MLS1,Aan,5.006981109069361
454,Rsep,CYC1,MLS1,Ara,5.006981109069361
455,Rsep,CYC1,MLS1,Clo,5.006981109069361
456,Rsep,CYC1,MLS1,Cpo,5.006981109069361
457,Rsep,CYC1,MLS1,Oeu,5.006981109069361
458,Rsep,CYC1,MLS1,Cac,5.006981109069361
459,Rsep,CYC1,MLS1,Rse,5.006981109069361
460,Rsep,CYC1,MLS1,Ani,5.006981109069361
461,Opum,CYC1,URE2,Ara,4.559686239801922
462,Opum,CYC1,URE2,Cro,4.559686239801922
463,Opum,CYC1,URE2,Ani,4.559686239801922
464,Opum,CYC1,URE2,Cac,4.559686239801922
465,Opum,CYC1,URE2,Aan,4.559686239801922
466,Opum,CYC1,URE2,Cpo,4.559686239801922
467,Opum,CYC1,URE2,Oeu,4.559686239801922
468,Opum,CYC1,URE2,Ahu,4.559686239801922
469,Opum,CYC1,URE2,Rse,4.559686239801922
470,Opum,CYC1,URE2,Clo,4.559686239801922
471,Oeu,PCK1,MLS1,Oeu,4.295543685631783
472,Oeu,PCK1,MLS1,Ahu,4.295543685631783
473,Oeu,PCK1,MLS1,Clo,4.295543685631783
474,Oeu,PCK1,MLS1,Ara,4.295543685631783
475,Oeu,PCK1,MLS1,Aan,4.295543685631783
476,Oeu,PCK1,MLS1,Cro,4.295543685631783
477,Oeu,PCK1,MLS1,Cpo,4.295543685631783
478,Oeu,PCK1,MLS1,Cac,4.295543685631783
479,Oeu,PCK1,MLS1,Ani,4.295543685631783
480,Ccal,ENO2,TPI1,Aan,4.282867252299255
481,Ccal,ENO2,TPI1,Ani,4.282867252299255
482,Ccal,ENO2,TPI1,Ara,4.282867252299255
483,Ccal,ENO2,TPI1,Cpo,4.282867252299255
484,Ccal,ENO2,TPI1,Cac,4.282867252299255
485,Ccal,ENO2,TPI1,Oeu,4.282867252299255
486,Ccal,ENO2,TPI1,Ahu,4.282867252299255
487,Ccal,ENO2,TPI1,Rse,4.282867252299255
488,Ccal,ENO2,TPI1,Clo,4.282867252299255
489,Oeu,PCK1,CCW12,Cac,3.89840056154652
490,Oeu,PCK1,CCW12,Ani,3.89840056154652
491,Oeu,PCK1,CCW12,Ahu,3.89840056154652
492,Oeu,PCK1,CCW12,Rse,3.89840056154652
493,Oeu,PCK1,CCW12,Clo,3.89840056154652
494,Oeu,PCK1,CCW12,Ara,3.89840056154652
495,Oeu,PCK1,CCW12,Cro,3.89840056154652
496,Oeu,PCK1,CCW12,Cpo,3.89840056154652
497,Cro,ENO2,MLS1,Clo,3.8213725583227696
498,Cro,ENO2,MLS1,Cac,3.8213725583227696
499,Cro,ENO2,MLS1,Ani,3.8213725583227696
500,Cro,ENO2,MLS1,Ara,3.8213725583227696
501,Cro,ENO2,MLS1,Aan,3.8213725583227696
502,Cro,ENO2,MLS1,Oeu,3.8213725583227696
503,Cro,ENO2,MLS1,Cro,3.8213725583227696
504,Cro,ENO2,MLS1,Cpo,3.8213725583227696
505,Opum,ENO2,MLS1,Cro,3.7351942020316624
506,Opum,ENO2,MLS1,Aan,3.7351942020316624
507,Opum,ENO2,MLS1,Ara,3.7351942020316624
508,Opum,ENO2,MLS1,Clo,3.7351942020316624
509,Opum,ENO2,MLS1,Ahu,3.7351942020316624
510,Opum,ENO2,MLS1,Ani,3.7351942020316624
511,Opum,ENO2,MLS1,Cac,3.7351942020316624
512,Opum,ENO2,MLS1,Oeu,3.7351942020316624
513,Ccal,ENO2,MLS1,Clo,3.550655177864824
514,Ccal,ENO2,MLS1,Cac,3.550655177864824
515,Ccal,ENO2,MLS1,Ani,3.550655177864824
516,Ccal,ENO2,MLS1,Ara,3.550655177864824
517,Ccal,ENO2,MLS1,Aan,3.550655177864824
518,Ccal,ENO2,MLS1,Cro,3.550655177864824
519,Ccal,ENO2,MLS1,Cpo,3.550655177864824
520,Ccal,ENO2,MLS1,Oeu,3.550655177864824
521,Cacu,CYC1,CCW12,Aan,3.485006444625382
522,Cacu,CYC1,CCW12,Cro,3.485006444625382
523,Cacu,CYC1,CCW12,Oeu,3.485006444625382
524,Cacu,CYC1,CCW12,Cac,3.485006444625382
525,Cacu,CYC1,CCW12,Ani,3.485006444625382
526,Cacu,CYC1,CCW12,Rse,3.485006444625382
527,Cacu,CYC1,CCW12,Clo,3.485006444625382
528,Vmin,CYC1,URE2,Ani,3.459890449452496
529,Vmin,CYC1,URE2,Ara,3.459890449452496
530,Vmin,CYC1,URE2,Aan,3.459890449452496
531,Vmin,CYC1,URE2,Cro,3.459890449452496
532,Vmin,CYC1,URE2,Clo,3.459890449452496
533,Vmin,CYC1,URE2,Rse,3.459890449452496
534,Vmin,CYC1,URE2,Cpo,3.459890449452496
535,Vmin,CYC1,URE2,Oeu,3.459890449452496
536,Cacu,ENO2,CCW12,Ani,3.302565100336308
537,Cacu,ENO2,CCW12,Ahu,3.302565100336308
538,Cacu,ENO2,CCW12,Rse,3.302565100336308
539,Cacu,ENO2,CCW12,Clo,3.302565100336308
540,Cacu,ENO2,CCW12,Ara,3.302565100336308
541,Cacu,ENO2,CCW12,Aan,3.302565100336308
542,Cacu,ENO2,CCW12,Cac,3.302565100336308
543,Cacu,ENO2,CCW12,Cpo,3.302565100336308
544,Ccal,CYC1,URE2,Ahu,3.2489152698476538
545,Ccal,CYC1,URE2,Aan,3.2489152698476538
546,Ccal,CYC1,URE2,Cpo,3.2489152698476538
547,Ccal,CYC1,URE2,Rse,3.2489152698476538
548,Ccal,CYC1,URE2,Clo,3.2489152698476538
549,Ccal,CYC1,URE2,Ara,3.2489152698476538
550,Ccal,CYC1,URE2,Cro,3.2489152698476538
551,Ccal,CYC1,URE2,Cac,3.2489152698476538
552,Rsep,PCK1,MLS1,Ahu,3.2434471942166034
553,Rsep,PCK1,MLS1,Rse,3.2434471942166034
554,Rsep,PCK1,MLS1,Ani,3.2434471942166034
555,Rsep,PCK1,MLS1,Oeu,3.2434471942166034
556,Rsep,PCK1,MLS1,Clo,3.2434471942166034
557,Rsep,PCK1,MLS1,Ara,3.2434471942166034
558,Rsep,PCK1,MLS1,Aan,3.2434471942166034
559,Rsep,PCK1,MLS1,Cro,3.2434471942166034
560,Rsep,PCK1,MLS1,Cpo,3.2434471942166034
561,Ccal,CYC1,MLS1,Ani,3.0628448110470163
562,Ccal,CYC1,MLS1,Cpo,3.0628448110470163
563,Ccal,CYC1,MLS1,Oeu,3.0628448110470163
564,Ccal,CYC1,MLS1,Ahu,3.0628448110470163
565,Ccal,CYC1,MLS1,Aan,3.0628448110470163
566,Ccal,CYC1,MLS1,Ara,3.0628448110470163
567,Ccal,CYC1,MLS1,Clo,3.0628448110470163
568,Ccal,CYC1,MLS1,Rse,3.0628448110470163
569,Opum,PCK1,CCW12,Cro,3.017773323747816
570,Opum,PCK1,CCW12,Aan,3.017773323747816
571,Opum,PCK1,CCW12,Ara,3.017773323747816
572,Opum,PCK1,CCW12,Clo,3.017773323747816
573,Opum,PCK1,CCW12,Rse,3.017773323747816
574,Opum,PCK1,CCW12,Ahu,3.017773323747816
575,Opum,PCK1,CCW12,Ani,3.017773323747816
576,Opum,PCK1,CCW12,Cac,3.017773323747816
577,Opum,PCK1,CCW12,Oeu,3.017773323747816
578,Opum,PCK1,CCW12,Cpo,3.017773323747816
579,Vmin,CYC1,MLS1,Rse,2.983757453811217
580,Vmin,CYC1,MLS1,Cro,2.983757453811217
581,Vmin,CYC1,MLS1,Aan,2.983757453811217
582,Vmin,CYC1,MLS1,Ara,2.983757453811217
583,Vmin,CYC1,MLS1,Clo,2.983757453811217
584,Vmin,CYC1,MLS1,Oeu,2.983757453811217
585,Vmin,CYC1,MLS1,Ahu,2.983757453811217
586,Vmin,CYC1,MLS1,Cpo,2.983757453811217
587,Vmin,CYC1,MLS1,Ani,2.983757453811217
588,Smus,PCK1,MLS1,Ara,2.949947417484616
589,Smus,PCK1,MLS1,Cro,2.949947417484616
590,Smus,PCK1,MLS1,Aan,2.949947417484616
591,Smus,PCK1,MLS1,Ani,2.949947417484616
592,Smus,PCK1,MLS1,Oeu,2.949947417484616
593,Smus,PCK1,MLS1,Cpo,2.949947417484616
594,Smus,PCK1,MLS1,Ahu,2.949947417484616
595,Smus,PCK1,MLS1,Rse,2.949947417484616
596,Smus,PCK1,MLS1,Clo,2.949947417484616
597,Rsep,RPL15B,URE2,Aan,2.9274262649776137
598,Rsep,RPL15B,URE2,Cro,2.9274262649776137
599,Rsep,RPL15B,URE2,Rse,2.9274262649776137
600,Rsep,RPL15B,URE2,Ara,2.9274262649776137
601,Rsep,RPL15B,URE2,Clo,2.9274262649776137
602,Rsep,RPL15B,URE2,Ahu,2.9274262649776137
603,Rsep,RPL15B,URE2,Ani,2.9274262649776137
604,Rsep,RPL15B,URE2,Oeu,2.9274262649776137
605,Rsep,RPL15B,URE2,Cpo,2.9274262649776137
606,Cacu,CYC1,URE2,Ani,2.2612133059158914
607,Cacu,CYC1,URE2,Cpo,2.2612133059158914
608,Cacu,CYC1,URE2,Oeu,2.2612133059158914
609,Cacu,CYC1,URE2,Aan,2.2612133059158914
610,Cacu,CYC1,URE2,Ahu,2.2612133059158914
611,Cacu,CYC1,URE2,Clo,2.2612133059158914
612,Cacu,CYC1,URE2,Cro,2.2612133059158914
613,Ccal,RPL15B,TPI1,Ahu,2.229519251501765
614,Ccal,RPL15B,TPI1,Rse,2.229519251501765
615,Ccal,RPL15B,TPI1,Clo,2.229519251501765
616,Ccal,RPL15B,TPI1,Ara,2.229519251501765
617,Ccal,RPL15B,TPI1,Cpo,2.229519251501765
618,Ccal,RPL15B,TPI1,Oeu,2.229519251501765
619,Ccal,RPL15B,TPI1,Aan,2.229519251501765
620,Ccal,RPL15B,TPI1,Cac,2.229519251501765
621,Ccal,RPL15B,TPI1,Ani,2.229519251501765
622,Ccal,RPL15B,TPI1,Cro,2.229519251501765
623,Ccal,CYC1,TPI1,Ara,2.2229362433128124
624,Ccal,CYC1,TPI1,Clo,2.2229362433128124
625,Ccal,CYC1,TPI1,Cac,2.2229362433128124
626,Ccal,CYC1,TPI1,Rse,2.2229362433128124
627,Ccal,CYC1,TPI1,Ahu,2.2229362433128124
628,Ccal,CYC1,TPI1,Ani,2.2229362433128124
629,Ccal,CYC1,TPI1,Aan,2.2229362433128124
630,Ccal,CYC1,TPI1,Cro,2.2229362433128124
631,Ccal,CYC1,TPI1,Oeu,2.2229362433128124
632,Ccal,RPL15B,CCW12,Cac,2.2193535023762028
633,Ccal,RPL15B,CCW12,Ani,2.2193535023762028
634,Ccal,RPL15B,CCW12,Rse,2.2193535023762028
635,Ccal,RPL15B,CCW12,Cpo,2.2193535023762028
636,Ccal,RPL15B,CCW12,Aan,2.2193535023762028
637,Ccal,RPL15B,CCW12,Cro,2.2193535023762028
638,Ccal,RPL15B,CCW12,Ara,2.2193535023762028
639,Oeu,RPL15B,CCW12,Cpo,2.1214386991433187
640,Oeu,RPL15B,CCW12,Cac,2.1214386991433187
641,Oeu,RPL15B,CCW12,Oeu,2.1214386991433187
642,Oeu,RPL15B,CCW12,Cro,2.1214386991433187
643,Oeu,RPL15B,CCW12,Aan,2.1214386991433187
644,Oeu,RPL15B,CCW12,Ara,2.1214386991433187
645,Oeu,RPL15B,CCW12,Clo,2.1214386991433187
646,Oeu,RPL15B,CCW12,Ahu,2.1214386991433187
647,Oeu,RPL15B,CCW12,Ani,2.1214386991433187
648,Rsep,PCK1,CCW12,Aan,2.0621383436268133
649,Rsep,PCK1,CCW12,Cpo,2.0621383436268133
650,Rsep,PCK1,CCW12,Oeu,2.0621383436268133
651,Rsep,PCK1,CCW12,Ani,2.0621383436268133
652,Rsep,PCK1,CCW12,Ahu,2.0621383436268133
653,Rsep,PCK1,CCW12,Rse,2.0621383436268133
654,Rsep,PCK1,CCW12,Clo,2.0621383436268133
655,Rsep,PCK1,CCW12,Ara,2.0621383436268133
656,Rsep,PCK1,CCW12,Cac,2.0621383436268133
657,Oeu,CYC1,URE2,Clo,2.0310994516347005
658,Oeu,CYC1,URE2,Aan,2.0310994516347005
659,Oeu,CYC1,URE2,Cro,2.0310994516347005
660,Oeu,CYC1,URE2,Oeu,2.0310994516347005
661,Oeu,CYC1,URE2,Cac,2.0310994516347005
662,Oeu,CYC1,URE2,Ani,2.0310994516347005
663,Oeu,CYC1,URE2,Rse,2.0310994516347005
664,Cacu,ENO2,TPI1,Ara,1.9602017907988236
665,Cacu,ENO2,TPI1,Ani,1.9602017907988236
666,Cacu,ENO2,TPI1,Ahu,1.9602017907988236
667,Cacu,ENO2,TPI1,Rse,1.9602017907988236
668,Cacu,ENO2,TPI1,Clo,1.9602017907988236
669,Cacu,ENO2,TPI1,Cro,1.9602017907988236
670,Cacu,ENO2,TPI1,Oeu,1.9602017907988236
671,Cacu,ENO2,TPI1,Cpo,1.9602017907988236
672,Opum,RPL15B,CCW12,Oeu,1.8007383605388512
673,Opum,RPL15B,CCW12,Ahu,1.8007383605388512
674,Opum,RPL15B,CCW12,Rse,1.8007383605388512
675,Opum,RPL15B,CCW12,Cpo,1.8007383605388512
676,Opum,RPL15B,CCW12,Cro,1.8007383605388512
677,Opum,RPL15B,CCW12,Cac,1.8007383605388512
678,Opum,RPL15B,CCW12,Ani,1.8007383605388512
679,Vmin,RPL15B,MLS1,Clo,1.7057330280015517
680,Vmin,RPL15B,MLS1,Rse,1.7057330280015517
681,Vmin,RPL15B,MLS1,Cpo,1.7057330280015517
682,Vmin,RPL15B,MLS1,Cac,1.7057330280015517
683,Vmin,RPL15B,MLS1,Ani,1.7057330280015517
684,Vmin,RPL15B,MLS1,Ahu,1.7057330280015517
685,Vmin,RPL15B,MLS1,Cro,1.7057330280015517
686,Vmin,RPL15B,MLS1,Aan,1.7057330280015517
687,Vmin,RPL15B,MLS1,Ara,1.7057330280015517
688,Oeu,CYC1,MLS1,Cpo,1.6357765330397631
689,Oeu,CYC1,MLS1,Cro,1.6357765330397631
690,Oeu,CYC1,MLS1,Cac,1.6357765330397631
691,Oeu,CYC1,MLS1,Oeu,1.6357765330397631
692,Oeu,CYC1,MLS1,Ani,1.6357765330397631
693,Oeu,CYC1,MLS1,Rse,1.6357765330397631
694,Oeu,CYC1,MLS1,Clo,1.6357765330397631
695,Oeu,CYC1,MLS1,Ara,1.6357765330397631
696,Oeu,CYC1,MLS1,Aan,1.6357765330397631
697,Vmin,PCK1,CCW12,Cac,1.5868246246827589
698,Vmin,PCK1,CCW12,Rse,1.5868246246827589
699,Vmin,PCK1,CCW12,Clo,1.5868246246827589
700,Vmin,PCK1,CCW12,Ara,1.5868246246827589
701,Vmin,PCK1,CCW12,Ani,1.5868246246827589
702,Vmin,PCK1,CCW12,Oeu,1.5868246246827589
703,Vmin,PCK1,CCW12,Aan,1.5868246246827589
704,Vmin,PCK1,CCW12,Cpo,1.5868246246827589
705,Vmin,PCK1,CCW12,Cro,1.5868246246827589
706,Vmin,PCK1,CCW12,Ahu,1.5868246246827589
707,Cacu,PCK1,TPI1,Ani,1.5343775785384626
708,Cacu,PCK1,TPI1,Cpo,1.5343775785384626
709,Cacu,PCK1,TPI1,Cac,1.5343775785384626
710,Cacu,PCK1,TPI1,Cro,1.5343775785384626
711,Cacu,PCK1,TPI1,Aan,1.5343775785384626
712,Cacu,PCK1,TPI1,Ara,1.5343775785384626
713,Cacu,PCK1,TPI1,Clo,1.5343775785384626
714,Cacu,PCK1,TPI1,Rse,1.5343775785384626
715,Cacu,PCK1,TPI1,Ahu,1.5343775785384626
716,Rsep,CYC1,TPI1,Cac,1.43411985693176
717,Rsep,CYC1,TPI1,Cro,1.43411985693176
718,Rsep,CYC1,TPI1,Ani,1.43411985693176
719,Rsep,CYC1,TPI1,Aan,1.43411985693176
720,Rsep,CYC1,TPI1,Ahu,1.43411985693176
721,Rsep,CYC1,TPI1,Rse,1.43411985693176
722,Rsep,CYC1,TPI1,Clo,1.43411985693176
723,Rsep,CYC1,TPI1,Ara,1.43411985693176
724,Rsep,CYC1,TPI1,Oeu,1.43411985693176
725,Oeu,RPL15B,TPI1,Cpo,1.3762038549322284
726,Oeu,RPL15B,TPI1,Cac,1.3762038549322284
727,Oeu,RPL15B,TPI1,Ahu,1.3762038549322284
728,Oeu,RPL15B,TPI1,Rse,1.3762038549322284
729,Oeu,RPL15B,TPI1,Clo,1.3762038549322284
730,Oeu,RPL15B,TPI1,Ani,1.3762038549322284
731,Oeu,RPL15B,TPI1,Ara,1.3762038549322284
732,Oeu,RPL15B,TPI1,Cro,1.3762038549322284
733,Opum,RPL15B,TPI1,Oeu,1.0305836053275217
734,Opum,RPL15B,TPI1,Rse,1.0305836053275217
735,Opum,RPL15B,TPI1,Ara,1.0305836053275217
736,Opum,RPL15B,TPI1,Aan,1.0305836053275217
737,Opum,RPL15B,TPI1,Cro,1.0305836053275217
738,Opum,RPL15B,TPI1,Ani,1.0305836053275217
739,Opum,RPL15B,TPI1,Cac,1.0305836053275217
740,Opum,RPL15B,TPI1,Clo,1.0305836053275217
741,Opum,RPL15B,TPI1,Cpo,1.0305836053275217
742,Smus,RPL15B,MLS1,Cpo,0.9463624683247928
743,Smus,RPL15B,MLS1,Clo,0.9463624683247928
744,Smus,RPL15B,MLS1,Oeu,0.9463624683247928
745,Smus,RPL15B,MLS1,Aan,0.9463624683247928
746,Smus,RPL15B,MLS1,Cro,0.9463624683247928
747,Smus,RPL15B,MLS1,Cac,0.9463624683247928
748,Smus,RPL15B,MLS1,Ahu,0.9463624683247928
749,Smus,RPL15B,MLS1,Rse,0.9463624683247928
750,Smus,RPL15B,MLS1,Ara,0.9463624683247928
751,Vmin,RPL15B,CCW12,Cac,0.6677676768005867
752,Vmin,RPL15B,CCW12,Ahu,0.6677676768005867
753,Vmin,RPL15B,CCW12,Cro,0.6677676768005867
754,Vmin,RPL15B,CCW12,Aan,0.6677676768005867
755,Vmin,RPL15B,CCW12,Ara,0.6677676768005867
756,Vmin,RPL15B,CCW12,Rse,0.6677676768005867
757,Ccal,PCK1,TPI1,Cpo,0.5897302454086422
758,Ccal,PCK1,TPI1,Ani,0.5897302454086422
759,Ccal,PCK1,TPI1,Oeu,0.5897302454086422
760,Ccal,PCK1,TPI1,Ahu,0.5897302454086422
761,Ccal,PCK1,TPI1,Ara,0.5897302454086422
762,Ccal,PCK1,TPI1,Cro,0.5897302454086422
763,Ccal,PCK1,TPI1,Aan,0.5897302454086422
764,Ccal,PCK1,TPI1,Clo,0.5897302454086422
765,Ccal,PCK1,TPI1,Rse,0.5897302454086422
766,Cacu,CYC1,MLS1,Cro,0.3595770227577404
767,Cacu,CYC1,MLS1,Aan,0.3595770227577404
768,Cacu,CYC1,MLS1,Ara,0.3595770227577404
769,Cacu,CYC1,MLS1,Clo,0.3595770227577404
770,Cacu,CYC1,MLS1,Rse,0.3595770227577404
771,Cacu,CYC1,MLS1,Ahu,0.3595770227577404
772,Cacu,CYC1,MLS1,Ani,0.3595770227577404
773,Cacu,CYC1,MLS1,Cac,0.3595770227577404
774,Cacu,CYC1,MLS1,Oeu,0.3595770227577404
775,Cacu,CYC1,MLS1,Cpo,0.3595770227577404
776,Oeu,RPL15B,MLS1,Cpo,0.3417710078166074
777,Oeu,RPL15B,MLS1,Oeu,0.3417710078166074
778,Oeu,RPL15B,MLS1,Cac,0.3417710078166074
779,Oeu,RPL15B,MLS1,Ani,0.3417710078166074
780,Oeu,RPL15B,MLS1,Ahu,0.3417710078166074
781,Oeu,RPL15B,MLS1,Ara,0.3417710078166074
782,Oeu,RPL15B,MLS1,Aan,0.3417710078166074
783,Cacu,PCK1,CCW12,Ani,0.2725275876212372
784,Cacu,PCK1,CCW12,Cpo,0.2725275876212372
785,Cacu,PCK1,CCW12,Oeu,0.2725275876212372
786,Cacu,PCK1,CCW12,Cro,0.2725275876212372
787,Cacu,PCK1,CCW12,Aan,0.2725275876212372
788,Cacu,PCK1,CCW12,Ara,0.2725275876212372
789,Cacu,PCK1,CCW12,Clo,0.2725275876212372
790,Cacu,PCK1,CCW12,Cac,0.2725275876212372
791,Cacu,PCK1,CCW12,Rse,0.2725275876212372
792,Cro,PCK1,MLS1,Cro,0.2524648037861752
793,Cro,PCK1,MLS1,Ara,0.2524648037861752
794,Cro,PCK1,MLS1,Clo,0.2524648037861752
795,Cro,PCK1,MLS1,Rse,0.2524648037861752
796,Cro,PCK1,MLS1,Ahu,0.2524648037861752
797,Cro,PCK1,MLS1,Ani,0.2524648037861752
798,Cro,PCK1,MLS1,Oeu,0.2524648037861752
799,Cro,PCK1,URE2,Cro,-0.0561473414347872
800,Cro,PCK1,URE2,Rse,-0.0561473414347872
801,Cro,PCK1,URE2,Clo,-0.0561473414347872
802,Cro,PCK1,URE2,Aan,-0.0561473414347872
803,Cro,PCK1,URE2,Cac,-0.0561473414347872
804,Cro,PCK1,URE2,Cpo,-0.0561473414347872
805,Cro,PCK1,URE2,Ani,-0.0561473414347872
806,Cro,PCK1,URE2,Ahu,-0.0561473414347872
807,Rsep,RPL15B,MLS1,Ani,-0.0692720090998015
808,Rsep,RPL15B,MLS1,Ahu,-0.0692720090998015
809,Rsep,RPL15B,MLS1,Rse,-0.0692720090998015
810,Rsep,RPL15B,MLS1,Aan,-0.0692720090998015
811,Rsep,RPL15B,MLS1,Cro,-0.0692720090998015
812,Rsep,RPL15B,MLS1,Cpo,-0.0692720090998015
813,Rsep,RPL15B,MLS1,Oeu,-0.0692720090998015
814,Rsep,RPL15B,MLS1,Cac,-0.0692720090998015
815,Cacu,PCK1,MLS1,Cac,-0.0991311362197109
816,Cacu,PCK1,MLS1,Oeu,-0.0991311362197109
817,Cacu,PCK1,MLS1,Cpo,-0.0991311362197109
818,Cacu,PCK1,MLS1,Ani,-0.0991311362197109
819,Cacu,PCK1,MLS1,Ahu,-0.0991311362197109
820,Cacu,PCK1,MLS1,Rse,-0.0991311362197109
821,Cacu,PCK1,MLS1,Clo,-0.0991311362197109
822,Cacu,PCK1,MLS1,Aan,-0.0991311362197109
823,Cacu,PCK1,MLS1,Cro,-0.0991311362197109
824,Cro,PCK1,CCW12,Clo,-0.1309047723522418
825,Cro,PCK1,CCW12,Rse,-0.1309047723522418
826,Cro,PCK1,CCW12,Ahu,-0.1309047723522418
827,Cro,PCK1,CCW12,Cro,-0.1309047723522418
828,Cro,PCK1,CCW12,Cac,-0.1309047723522418
829,Cro,PCK1,CCW12,Ara,-0.1309047723522418
830,Cro,PCK1,CCW12,Aan,-0.1309047723522418
831,Cro,PCK1,CCW12,Oeu,-0.1309047723522418
832,Cro,PCK1,CCW12,Cpo,-0.1309047723522418
833,Cro,PCK1,CCW12,Ani,-0.1309047723522418
834,Ccal,PCK1,URE2,Ara,-0.3525150450892163
835,Ccal,PCK1,URE2,Ani,-0.3525150450892163
836,Ccal,PCK1,URE2,Cro,-0.3525150450892163
837,Ccal,PCK1,URE2,Rse,-0.3525150450892163
838,Ccal,PCK1,URE2,Ahu,-0.3525150450892163
839,Ccal,PCK1,URE2,Cpo,-0.3525150450892163
840,Ccal,PCK1,URE2,Oeu,-0.3525150450892163
841,Ccal,PCK1,URE2,Cac,-0.3525150450892163
842,Smus,PCK1,URE2,Aan,-0.4026030125061304
843,Smus,PCK1,URE2,Cro,-0.4026030125061304
844,Smus,PCK1,URE2,Cpo,-0.4026030125061304
845,Smus,PCK1,URE2,Ara,-0.4026030125061304
846,Smus,PCK1,URE2,Clo,-0.4026030125061304
847,Smus,PCK1,URE2,Rse,-0.4026030125061304
848,Smus,PCK1,URE2,Ahu,-0.4026030125061304
849,Smus,PCK1,URE2,Ani,-0.4026030125061304
850,Smus,PCK1,URE2,Cac,-0.4026030125061304
851,Smus,PCK1,URE2,Oeu,-0.4026030125061304
852,Cro,CYC1,MLS1,Cro,-0.4515536232979755
853,Cro,CYC1,MLS1,Aan,-0.4515536232979755
854,Cro,CYC1,MLS1,Ara,-0.4515536232979755
855,Cro,CYC1,MLS1,Clo,-0.4515536232979755
856,Cro,CYC1,MLS1,Rse,-0.4515536232979755
857,Cro,CYC1,MLS1,Ahu,-0.4515536232979755
858,Cro,CYC1,MLS1,Ani,-0.4515536232979755
859,Cro,CYC1,MLS1,Oeu,-0.4515536232979755
860,Cro,CYC1,MLS1,Cpo,-0.4515536232979755
861,Ccal,PCK1,MLS1,Oeu,-0.5824376659357604
862,Ccal,PCK1,MLS1,Rse,-0.5824376659357604
863,Ccal,PCK1,MLS1,Ani,-0.5824376659357604
864,Ccal,PCK1,MLS1,Ahu,-0.5824376659357604
865,Ccal,PCK1,MLS1,Cac,-0.5824376659357604
866,Ccal,PCK1,MLS1,Cro,-0.5824376659357604
867,Ccal,PCK1,MLS1,Ara,-0.5824376659357604
868,Ccal,PCK1,MLS1,Clo,-0.5824376659357604
869,Vmin,PCK1,URE2,Ara,-0.7126595064024208
870,Vmin,PCK1,URE2,Clo,-0.7126595064024208
871,Vmin,PCK1,URE2,Rse,-0.7126595064024208
872,Vmin,PCK1,URE2,Cac,-0.7126595064024208
873,Vmin,PCK1,URE2,Cpo,-0.7126595064024208
874,Vmin,PCK1,URE2,Oeu,-0.7126595064024208
875,Vmin,PCK1,URE2,Cro,-0.7126595064024208
876,Vmin,PCK1,URE2,Aan,-0.7126595064024208
877,Rsep,PCK1,URE2,Cpo,-0.758199751790432
878,Rsep,PCK1,URE2,Cac,-0.758199751790432
879,Rsep,PCK1,URE2,Ani,-0.758199751790432
880,Rsep,PCK1,URE2,Ahu,-0.758199751790432
881,Rsep,PCK1,URE2,Clo,-0.758199751790432
882,Rsep,PCK1,URE2,Ara,-0.758199751790432
883,Rsep,PCK1,URE2,Cro,-0.758199751790432
884,Rsep,PCK1,URE2,Oeu,-0.758199751790432
885,Vmin,PCK1,MLS1,Oeu,-0.8071504397320233
886,Vmin,PCK1,MLS1,Clo,-0.8071504397320233
887,Vmin,PCK1,MLS1,Cac,-0.8071504397320233
888,Vmin,PCK1,MLS1,Cro,-0.8071504397320233
889,Vmin,PCK1,MLS1,Ara,-0.8071504397320233
890,Vmin,PCK1,MLS1,Rse,-0.8071504397320233
891,Vmin,PCK1,MLS1,Cpo,-0.8071504397320233
892,Vmin,PCK1,MLS1,Ahu,-0.8071504397320233
893,Vmin,PCK1,MLS1,Ani,-0.8071504397320233
894,Cacu,RPL15B,TPI1,Cpo,-0.8140285806696994
895,Cacu,RPL15B,TPI1,Cac,-0.8140285806696994
896,Cacu,RPL15B,TPI1,Ani,-0.8140285806696994
897,Cacu,RPL15B,TPI1,Ahu,-0.8140285806696994
898,Cacu,RPL15B,TPI1,Rse,-0.8140285806696994
899,Cacu,RPL15B,TPI1,Clo,-0.8140285806696994
900,Cacu,RPL15B,TPI1,Ara,-0.8140285806696994
901,Cacu,RPL15B,TPI1,Oeu,-0.8140285806696994
902,Cacu,RPL15B,TPI1,Cro,-0.8140285806696994
903,Cacu,RPL15B,TPI1,Aan,-0.8140285806696994
904,Opum,PCK1,URE2,Ahu,-0.9145709116176092
905,Opum,PCK1,URE2,Aan,-0.9145709116176092
906,Opum,PCK1,URE2,Cro,-0.9145709116176092
907,Opum,PCK1,URE2,Ara,-0.9145709116176092
908,Opum,PCK1,URE2,Oeu,-0.9145709116176092
909,Opum,PCK1,URE2,Cac,-0.9145709116176092
910,Opum,PCK1,URE2,Ani,-0.9145709116176092
911,Cacu,ENO2,URE2,Ara,-1.0166799491311878
912,Cacu,ENO2,URE2,Cro,-1.0166799491311878
913,Cacu,ENO2,URE2,Aan,-1.0166799491311878
914,Cacu,ENO2,URE2,Clo,-1.0166799491311878
915,Cacu,ENO2,URE2,Ahu,-1.0166799491311878
916,Cacu,ENO2,URE2,Ani,-1.0166799491311878
917,Cacu,ENO2,URE2,Cac,-1.0166799491311878
918,Cacu,ENO2,URE2,Oeu,-1.0166799491311878
919,Cacu,ENO2,URE2,Cpo,-1.0166799491311878
920,Cacu,RPL15B,MLS1,Ani,-1.109951618451241
921,Cacu,RPL15B,MLS1,Cro,-1.109951618451241
922,Cacu,RPL15B,MLS1,Aan,-1.109951618451241
923,Cacu,RPL15B,MLS1,Ara,-1.109951618451241
924,Cacu,RPL15B,MLS1,Clo,-1.109951618451241
925,Cacu,RPL15B,MLS1,Ahu,-1.109951618451241
926,Cacu,RPL15B,MLS1,Rse,-1.109951618451241
927,Cacu,RPL15B,MLS1,Cac,-1.109951618451241
928,Cacu,RPL15B,MLS1,Cpo,-1.109951618451241
929,Cacu,RPL15B,MLS1,Oeu,-1.109951618451241
930,Oeu,RPL15B,URE2,Oeu,-1.230531699238707
931,Oeu,RPL15B,URE2,Cac,-1.230531699238707
932,Oeu,RPL15B,URE2,Ani,-1.230531699238707
933,Oeu,RPL15B,URE2,Cro,-1.230531699238707
934,Oeu,RPL15B,URE2,Aan,-1.230531699238707
935,Oeu,RPL15B,URE2,Ara,-1.230531699238707
936,Oeu,RPL15B,URE2,Ahu,-1.230531699238707
937,Oeu,RPL15B,URE2,Rse,-1.230531699238707
938,Opum,PCK1,MLS1,Cro,-1.4756519526194651
939,Opum,PCK1,MLS1,Rse,-1.4756519526194651
940,Opum,PCK1,MLS1,Clo,-1.4756519526194651
941,Opum,PCK1,MLS1,Ara,-1.4756519526194651
942,Opum,PCK1,MLS1,Aan,-1.4756519526194651
943,Opum,PCK1,MLS1,Ahu,-1.4756519526194651
944,Opum,PCK1,MLS1,Cpo,-1.4756519526194651
945,Opum,PCK1,MLS1,Ani,-1.4756519526194651
946,Opum,RPL15B,URE2,Ara,-1.5866940443791044
947,Opum,RPL15B,URE2,Rse,-1.5866940443791044
948,Opum,RPL15B,URE2,Clo,-1.5866940443791044
949,Opum,RPL15B,URE2,Aan,-1.5866940443791044
950,Opum,RPL15B,URE2,Ahu,-1.5866940443791044
951,Opum,RPL15B,URE2,Cro,-1.5866940443791044
952,Opum,RPL15B,URE2,Cac,-1.5866940443791044
953,Opum,RPL15B,URE2,Cpo,-1.5866940443791044
954,Opum,RPL15B,URE2,Ani,-1.5866940443791044
955,Vmin,RPL15B,URE2,Cpo,-1.7109678415392864
956,Vmin,RPL15B,URE2,Aan,-1.7109678415392864
957,Vmin,RPL15B,URE2,Ara,-1.7109678415392864
958,Vmin,RPL15B,URE2,Rse,-1.7109678415392864
959,Vmin,RPL15B,URE2,Ahu,-1.7109678415392864
960,Vmin,RPL15B,URE2,Ani,-1.7109678415392864
961,Vmin,RPL15B,URE2,Oeu,-1.7109678415392864
962,Cacu,PCK1,URE2,Ani,-1.775206096659602
963,Cacu,PCK1,URE2,Ara,-1.775206096659602
964,Cacu,PCK1,URE2,Clo,-1.775206096659602
965,Cacu,PCK1,URE2,Rse,-1.775206096659602
966,Cacu,PCK1,URE2,Cac,-1.775206096659602
967,Cacu,PCK1,URE2,Cpo,-1.775206096659602
968,Opum,CYC1,MLS1,Ara,-1.799352730100697
969,Opum,CYC1,MLS1,Cro,-1.799352730100697
970,Opum,CYC1,MLS1,Aan,-1.799352730100697
971,Opum,CYC1,MLS1,Clo,-1.799352730100697
972,Opum,CYC1,MLS1,Rse,-1.799352730100697
973,Opum,CYC1,MLS1,Ahu,-1.799352730100697
974,Opum,CYC1,MLS1,Ani,-1.799352730100697
975,Opum,CYC1,MLS1,Cac,-1.799352730100697
976,Opum,CYC1,MLS1,Oeu,-1.799352730100697
977,Opum,CYC1,MLS1,Cpo,-1.799352730100697
978,Ccal,RPL15B,MLS1,Ani,-1.840388659259549
979,Ccal,RPL15B,MLS1,Cpo,-1.840388659259549
980,Ccal,RPL15B,MLS1,Oeu,-1.840388659259549
981,Ccal,RPL15B,MLS1,Cro,-1.840388659259549
982,Ccal,RPL15B,MLS1,Clo,-1.840388659259549
983,Ccal,RPL15B,MLS1,Cac,-1.840388659259549
984,Rsep,RPL15B,TPI1,Oeu,-2.2431867681097266
985,Rsep,RPL15B,TPI1,Cpo,-2.2431867681097266
986,Rsep,RPL15B,TPI1,Clo,-2.2431867681097266
987,Rsep,RPL15B,TPI1,Cro,-2.2431867681097266
988,Rsep,RPL15B,TPI1,Cac,-2.2431867681097266
989,Rsep,RPL15B,TPI1,Ani,-2.2431867681097266
990,Rsep,RPL15B,TPI1,Rse,-2.2431867681097266
991,Rsep,RPL15B,TPI1,Ara,-2.2431867681097266
992,Rsep,RPL15B,TPI1,Aan,-2.2431867681097266
993,Opum,RPL15B,MLS1,Oeu,-2.261569890906145
994,Opum,RPL15B,MLS1,Cac,-2.261569890906145
995,Opum,RPL15B,MLS1,Ahu,-2.261569890906145
996,Opum,RPL15B,MLS1,Rse,-2.261569890906145
997,Opum,RPL15B,MLS1,Clo,-2.261569890906145
998,Opum,RPL15B,MLS1,Aan,-2.261569890906145
999,Opum,RPL15B,MLS1,Cro,-2.261569890906145
1000,Opum,RPL15B,MLS1,Cpo,-2.261569890906145
1001,Cro,RPL15B,MLS1,Oeu,-2.389616952235329
1002,Cro,RPL15B,MLS1,Cac,-2.389616952235329
1003,Cro,RPL15B,MLS1,Cro,-2.389616952235329
1004,Cro,RPL15B,MLS1,Aan,-2.389616952235329
1005,Cro,RPL15B,MLS1,Ara,-2.389616952235329
1006,Cro,RPL15B,MLS1,Rse,-2.389616952235329
1007,Cro,RPL15B,MLS1,Ahu,-2.389616952235329
1008,Cro,RPL15B,MLS1,Ani,-2.389616952235329
1009,Cro,RPL15B,MLS1,Cpo,-2.389616952235329
1010,Smus,RPL15B,URE2,Ara,-2.558388577045214
1011,Smus,RPL15B,URE2,Clo,-2.558388577045214
1012,Smus,RPL15B,URE2,Rse,-2.558388577045214
1013,Smus,RPL15B,URE2,Ani,-2.558388577045214
1014,Smus,RPL15B,URE2,Cro,-2.558388577045214
1015,Smus,RPL15B,URE2,Cac,-2.558388577045214
1016,Smus,RPL15B,URE2,Oeu,-2.558388577045214
1017,Smus,RPL15B,URE2,Cpo,-2.558388577045214
1018,Smus,RPL15B,URE2,Aan,-2.558388577045214
1019,Ccal,RPL15B,URE2,Oeu,-2.8234422699631168
1020,Ccal,RPL15B,URE2,Cro,-2.8234422699631168
1021,Ccal,RPL15B,URE2,Aan,-2.8234422699631168
1022,Ccal,RPL15B,URE2,Ara,-2.8234422699631168
1023,Ccal,RPL15B,URE2,Clo,-2.8234422699631168
1024,Ccal,RPL15B,URE2,Ahu,-2.8234422699631168
1025,Ccal,RPL15B,URE2,Ani,-2.8234422699631168
1026,Ccal,RPL15B,URE2,Cac,-2.8234422699631168
1027,Ccal,RPL15B,URE2,Cpo,-2.8234422699631168
1028,Cacu,CYC1,TPI1,Ara,-3.1984081709664807
1029,Cacu,CYC1,TPI1,Rse,-3.1984081709664807
1030,Cacu,CYC1,TPI1,Aan,-3.1984081709664807
1031,Cacu,CYC1,TPI1,Cro,-3.1984081709664807
1032,Cacu,CYC1,TPI1,Ahu,-3.1984081709664807
1033,Cacu,CYC1,TPI1,Ani,-3.1984081709664807
1034,Cacu,CYC1,TPI1,Cac,-3.1984081709664807
1035,Cacu,CYC1,TPI1,Oeu,-3.1984081709664807
1036,Cacu,CYC1,TPI1,Clo,-3.1984081709664807
1037,Cacu,CYC1,TPI1,Cpo,-3.1984081709664807
1038,Cacu,RPL15B,URE2,Oeu,-3.482780469894305
1039,Cacu,RPL15B,URE2,Ahu,-3.482780469894305
1040,Cacu,RPL15B,URE2,Ani,-3.482780469894305
1041,Cacu,RPL15B,URE2,Rse,-3.482780469894305
1042,Cacu,RPL15B,URE2,Clo,-3.482780469894305
1043,Cacu,RPL15B,URE2,Ara,-3.482780469894305
1044,Cacu,RPL15B,URE2,Aan,-3.482780469894305
1045,Cacu,RPL15B,URE2,Cro,-3.482780469894305
1046,Cacu,RPL15B,URE2,Cpo,-3.482780469894305
1047,Cacu,RPL15B,URE2,Cac,-3.482780469894305
1048,Cro,RPL15B,URE2,Clo,-3.7275348393538295
1049,Cro,RPL15B,URE2,Cpo,-3.7275348393538295
1050,Cro,RPL15B,URE2,Rse,-3.7275348393538295
1051,Cro,RPL15B,URE2,Cro,-3.7275348393538295
1052,Cro,RPL15B,URE2,Aan,-3.7275348393538295
1053,Cro,RPL15B,URE2,Ani,-3.7275348393538295
1054,Cro,RPL15B,URE2,Oeu,-3.7275348393538295
1055,Cro,RPL15B,URE2,Cac,-3.7275348393538295
1056,Cro,RPL15B,URE2,Ara,-3.7275348393538295
1057,Rsep,PCK1,TPI1,Aan,-3.9954270257695583
1058,Rsep,PCK1,TPI1,Ahu,-3.9954270257695583
1059,Rsep,PCK1,TPI1,Cpo,-3.9954270257695583
1060,Rsep,PCK1,TPI1,Oeu,-3.9954270257695583
1061,Rsep,PCK1,TPI1,Cac,-3.9954270257695583
1062,Rsep,PCK1,TPI1,Ani,-3.9954270257695583
1063,Rsep,PCK1,TPI1,Rse,-3.9954270257695583
1064,Rsep,PCK1,TPI1,Cro,-3.9954270257695583
1065,Rsep,PCK1,TPI1,Clo,-3.9954270257695583
1066,Rsep,PCK1,TPI1,Ara,-3.9954270257695583
1067,Smus,RPL15B,CCW12,Cro,-4.420806239454844
1068,Smus,RPL15B,CCW12,Cac,-4.420806239454844
1069,Smus,RPL15B,CCW12,Ahu,-4.420806239454844
1070,Smus,RPL15B,CCW12,Rse,-4.420806239454844
1071,Smus,RPL15B,CCW12,Oeu,-4.420806239454844
1072,Smus,RPL15B,CCW12,Clo,-4.420806239454844
1073,Cro,RPL15B,TPI1,Ara,-4.619146544996667
1074,Cro,RPL15B,TPI1,Aan,-4.619146544996667
1075,Cro,RPL15B,TPI1,Ahu,-4.619146544996667
1076,Cro,RPL15B,TPI1,Clo,-4.619146544996667
1077,Cro,RPL15B,TPI1,Rse,-4.619146544996667
1078,Cro,RPL15B,TPI1,Cro,-4.619146544996667
1079,Cro,RPL15B,TPI1,Cac,-4.619146544996667
1080,Cro,RPL15B,TPI1,Oeu,-4.619146544996667
1081,Cro,RPL15B,TPI1,Cpo,-4.619146544996667
1082,Cacu,ENO2,MLS1,Cro,-5.643856331760446
1083,Cacu,ENO2,MLS1,Aan,-5.643856331760446
1084,Cacu,ENO2,MLS1,Cpo,-5.643856331760446
1085,Cacu,ENO2,MLS1,Oeu,-5.643856331760446
1086,Cacu,ENO2,MLS1,Cac,-5.643856331760446
1087,Cacu,ENO2,MLS1,Ani,-5.643856331760446
1088,Cacu,ENO2,MLS1,Ahu,-5.643856331760446
1089,Cacu,ENO2,MLS1,Rse,-5.643856331760446
1090,Cacu,ENO2,MLS1,Clo,-5.643856331760446
1091,Cacu,ENO2,MLS1,Ara,-5.643856331760446
1092,Cro,RPL15B,CCW12,Clo,-6.2684726128110135
1093,Cro,RPL15B,CCW12,Cpo,-6.2684726128110135
1094,Cro,RPL15B,CCW12,Oeu,-6.2684726128110135
1095,Cro,RPL15B,CCW12,Cac,-6.2684726128110135
1096,Cro,RPL15B,CCW12,Ani,-6.2684726128110135
1097,Cro,RPL15B,CCW12,Ahu,-6.2684726128110135
1098,Cro,RPL15B,CCW12,Rse,-6.2684726128110135
1099,Cro,RPL15B,CCW12,Ara,-6.2684726128110135
1100,Cro,RPL15B,CCW12,Aan,-6.2684726128110135
1101,Smus,PCK1,CCW12,Cpo,-7.218832656076863
1102,Smus,PCK1,CCW12,Oeu,-7.218832656076863
1103,Smus,PCK1,CCW12,Cro,-7.218832656076863
1104,Smus,PCK1,CCW12,Ara,-7.218832656076863
1105,Smus,PCK1,CCW12,Clo,-7.218832656076863
1106,Smus,PCK1,CCW12,Rse,-7.218832656076863
1107,Smus,PCK1,CCW12,Ahu,-7.218832656076863
1108,Smus,PCK1,CCW12,Cac,-7.218832656076863
1109,Cacu,RPL15B,CCW12,Cpo,-7.87204980880464
1110,Cacu,RPL15B,CCW12,Oeu,-7.87204980880464
1111,Cacu,RPL15B,CCW12,Cac,-7.87204980880464
1112,Cacu,RPL15B,CCW12,Ani,-7.87204980880464
1113,Cacu,RPL15B,CCW12,Ahu,-7.87204980880464
1114,Cacu,RPL15B,CCW12,Clo,-7.87204980880464
1115,Cacu,RPL15B,CCW12,Ara,-7.87204980880464
1116,Cacu,RPL15B,CCW12,Aan,-7.87204980880464
1117,Cacu,RPL15B,CCW12,Cro,-7.87204980880464
1118,Cacu,RPL15B,CCW12,Rse,-7.87204980880464
