G8H,pG8H,pCPR,CPR,Predicted_strict_production
Smus,ENO2,TPI1,Cro,226.13855701783504
Smus,ENO2,TPI1,Clo,210.26196193803105
Smus,ENO2,TPI1,Cac,205.35957486523844
Smus,ENO2,TPI1,Aan,204.53973095606304
Rsep,ENO2,TPI1,Cro,193.21818875002904
Rsep,ENO2,TPI1,Cac,192.0203891266318
Smus,ENO2,CCW12,Ara,182.9968792324528
Smus,ENO2,TPI1,Rse,181.7010938178264
Rsep,ENO2,TPI1,Aan,177.7378927490297
Smus,ENO2,CCW12,Cro,174.18686033015348
Rsep,ENO2,TPI1,Ara,158.36340106178483
Rsep,ENO2,CCW12,Cro,157.91643814466707
Smus,ENO2,TPI1,Oeu,151.80219406337818
Smus,CYC1,TPI1,Cro,151.12910467011312
Oeu,ENO2,TPI1,Cac,145.55316072182418
Smus,CYC1,CCW12,Cro,141.94532753415496
Rsep,ENO2,TPI1,Clo,140.98814070436177
Smus,CYC1,TPI1,Aan,140.55914685206443
Smus,ENO2,CCW12,Cac,139.32571622803505
Smus,ENO2,CCW12,Aan,138.75681756680893
Smus,ENO2,CCW12,Clo,138.3869948311282
Smus,CYC1,TPI1,Rse,137.04846865146695
Vmin,ENO2,TPI1,Cro,135.5726120985168
Rsep,ENO2,CCW12,Aan,134.70511009821146
Rsep,ENO2,CCW12,Cac,134.6536255176187
Cro,ENO2,TPI1,Cac,131.30165764004187
Smus,CYC1,TPI1,Ara,127.55001853242734
Vmin,ENO2,TPI1,Cac,124.57061141239716
Oeu,ENO2,TPI1,Aan,124.54484969598025
Rsep,ENO2,CCW12,Ara,122.3766835284054
Smus,CYC1,CCW12,Aan,120.94861485304114
Vmin,ENO2,TPI1,Aan,119.721026725757
Oeu,ENO2,TPI1,Rse,117.2679503384245
Rsep,ENO2,CCW12,Rse,115.96571391414496
Smus,ENO2,CCW12,Oeu,113.71366037249658
Vmin,ENO2,TPI1,Rse,109.8276963720114
Smus,CYC1,TPI1,Clo,109.02836018054828
Smus,CYC1,CCW12,Cac,107.5303677153738
Vmin,ENO2,CCW12,Cro,106.8819035165886
Rsep,ENO2,TPI1,Oeu,105.75987921865622
Smus,CYC1,CCW12,Rse,105.12102419559166
Rsep,CYC1,TPI1,Cac,101.96730650070796
Smus,CYC1,CCW12,Ara,99.53441127075688
Cro,ENO2,TPI1,Cro,99.38910214254956
Oeu,ENO2,CCW12,Aan,99.21411624187986
Oeu,ENO2,TPI1,Ara,97.59302260437212
Rsep,ENO2,CCW12,Oeu,95.34072107120092
Oeu,ENO2,CCW12,Cac,94.03487543717615
Cro,ENO2,TPI1,Rse,90.7611215990945
Vmin,ENO2,TPI1,Clo,89.53655801535854
Cro,ENO2,CCW12,Cac,87.41096840298464
Cro,ENO2,CCW12,Aan,85.88253071658023
Vmin,ENO2,CCW12,Aan,85.14180465629235
Oeu,ENO2,TPI1,Clo,83.55027678262539
Oeu,ENO2,CCW12,Rse,82.87463593545557
Rsep,CYC1,TPI1,Rse,81.46904026741744
Vmin,ENO2,CCW12,Cac,79.8252119536394
Smus,CYC1,CCW12,Clo,79.19394770561246
Rsep,CYC1,CCW12,Cac,78.93818269601421
Cro,ENO2,TPI1,Clo,78.1611586456862
Cro,ENO2,CCW12,Cro,76.11511719175525
Cro,ENO2,CCW12,Rse,74.79932314615905
Vmin,ENO2,CCW12,Rse,72.8973332523248
Cro,ENO2,TPI1,Ara,72.87392886928045
Oeu,ENO2,CCW12,Ara,69.76229270144276
Rsep,CYC1,CCW12,Aan,67.41149725766766
Smus,ENO2,TPI1,Cpo,66.79575048884348
Oeu,ENO2,CCW12,Clo,65.33617026372895
Vmin,ENO2,CCW12,Clo,64.01168778003826
Rsep,CYC1,TPI1,Aan,62.0127920109513
Cro,ENO2,CCW12,Clo,61.16166830596036
Cro,ENO2,TPI1,Oeu,60.10776104916857
Opum,ENO2,TPI1,Cac,59.144218469157664
Oeu,ENO2,TPI1,Oeu,58.70681458395252
Vmin,ENO2,CCW12,Oeu,56.85912571541769
Rsep,CYC1,TPI1,Cro,55.94039889822993
Smus,ENO2,CCW12,Cpo,55.46140249082261
Smus,ENO2,URE2,Cro,55.35060767195431
Oeu,ENO2,CCW12,Oeu,54.25774322263754
Cro,ENO2,CCW12,Oeu,54.134747594699405
Cro,ENO2,CCW12,Ara,53.41496032394758
Smus,ENO2,URE2,Ara,53.337367396548615
Smus,ENO2,URE2,Aan,53.02378719806154
Vmin,CYC1,TPI1,Cac,52.70539361423944
Smus,ENO2,URE2,Rse,51.69046779970343
Oeu,CYC1,CCW12,Cac,50.65434219512947
Opum,ENO2,TPI1,Cro,50.13943328465943
Opum,ENO2,TPI1,Ara,48.72588510283477
Vmin,CYC1,TPI1,Rse,48.70782481618105
Rsep,CYC1,TPI1,Clo,48.03940911607239
Oeu,CYC1,TPI1,Cac,46.83783310546207
Rsep,CYC1,CCW12,Cro,46.79120507572435
Oeu,CYC1,CCW12,Rse,46.7908895541744
Opum,ENO2,CCW12,Cac,46.57267622897206
Cro,CYC1,CCW12,Cac,46.24586745571739
Opum,ENO2,TPI1,Rse,44.91297734199354
Vmin,CYC1,TPI1,Aan,44.51799535421832
Smus,RPL15B,TPI1,Cac,44.36578475340923
Smus,ENO2,URE2,Oeu,44.16253231375178
Opum,ENO2,TPI1,Aan,43.93977139364779
Vmin,CYC1,TPI1,Cro,43.61947185700414
Vmin,CYC1,CCW12,Cac,42.957541879927405
Vmin,CYC1,TPI1,Clo,41.91038493706805
Opum,ENO2,TPI1,Clo,41.65111043880405
Rsep,CYC1,TPI1,Oeu,41.393731091321925
Rsep,ENO2,TPI1,Cpo,41.13244193292999
Smus,PCK1,TPI1,Cac,40.7224888455242
Opum,ENO2,CCW12,Rse,40.663539307316455
Smus,ENO2,TPI1,Ani,40.43825797796617
Rsep,CYC1,TPI1,Ara,39.10686674113411
Vmin,CYC1,CCW12,Aan,38.84922741288256
Rsep,CYC1,CCW12,Oeu,38.60588636009625
Vmin,CYC1,CCW12,Cro,38.46478899555917
Oeu,CYC1,TPI1,Rse,37.84266552070989
Vmin,ENO2,URE2,Cac,37.33992502902138
Cro,ENO2,URE2,Cac,37.25584835978785
Smus,CYC1,URE2,Cac,37.22377730394702
Rsep,CYC1,CCW12,Clo,36.72527446311231
Smus,RPL15B,TPI1,Ara,36.57367700711836
Smus,RPL15B,TPI1,Aan,36.07052764743375
Cro,CYC1,TPI1,Rse,35.896945759503154
Vmin,CYC1,TPI1,Ara,35.19157637046125
Rsep,ENO2,CCW12,Cpo,34.481710032568564
Rsep,ENO2,URE2,Cro,34.10272931598497
Smus,ENO2,MLS1,Ara,32.55951315647791
Oeu,ENO2,URE2,Cac,32.32959621214646
Smus,ENO2,MLS1,Cac,32.294726449542324
Rsep,CYC1,CCW12,Ara,31.84962271934337
Rsep,ENO2,URE2,Aan,31.68916379822275
Rsep,ENO2,URE2,Rse,31.30089207542636
Rsep,ENO2,URE2,Ara,30.47055752474612
Cro,CYC1,CCW12,Rse,30.156689238880126
Opum,ENO2,CCW12,Ara,29.906861700285784
Cro,CYC1,TPI1,Aan,29.7183484152256
Oeu,CYC1,TPI1,Cro,29.40133651309006
Opum,ENO2,TPI1,Oeu,29.147422643937876
Smus,PCK1,TPI1,Clo,28.72845282434922
Vmin,CYC1,TPI1,Oeu,28.720114995471867
Smus,PCK1,TPI1,Ara,28.563580857832065
Oeu,CYC1,TPI1,Aan,28.55359885231112
Rsep,ENO2,URE2,Clo,27.68105925854642
Smus,CYC1,TPI1,Cpo,27.547397526646904
Cro,ENO2,URE2,Ara,27.376336604218487
Opum,ENO2,CCW12,Oeu,27.223995443852044
Smus,PCK1,TPI1,Rse,27.175313810180096
Cro,CYC1,TPI1,Clo,27.143776570889397
Opum,ENO2,CCW12,Clo,26.45374949939601
Cro,ENO2,URE2,Cro,26.420537295067547
Cro,CYC1,TPI1,Ara,26.114684630013727
Rsep,ENO2,URE2,Oeu,25.939732486136208
Smus,ENO2,MLS1,Cro,25.707544959122828
Smus,CYC1,URE2,Ara,25.592361625797487
Smus,PCK1,TPI1,Cro,25.56301656446798
Cro,CYC1,CCW12,Cro,25.502183192277776
Vmin,CYC1,CCW12,Oeu,25.300748431653005
Vmin,ENO2,TPI1,Cpo,25.226454393365188
Oeu,CYC1,CCW12,Cro,24.884542859506716
Smus,ENO2,CCW12,Ani,24.697053463904016
Vmin,CYC1,CCW12,Clo,24.38776577211433
Cro,CYC1,CCW12,Aan,24.386168533227703
Cro,CYC1,TPI1,Oeu,24.31002473777237
Vmin,ENO2,URE2,Cro,24.126379762635377
Oeu,CYC1,CCW12,Oeu,23.734837544791237
Smus,PCK1,TPI1,Aan,23.369839182138023
Oeu,CYC1,TPI1,Clo,23.2504151477984
Vmin,CYC1,CCW12,Ara,23.23025969737087
Smus,ENO2,TPI1,Ahu,23.150513355054947
Smus,CYC1,URE2,Cro,23.055031774955324
Smus,RPL15B,CCW12,Cac,21.65080882843905
Vmin,ENO2,URE2,Aan,21.620262343171447
Vmin,ENO2,URE2,Ara,21.454797277083543
Rsep,ENO2,TPI1,Ani,21.32161606796741
Cro,ENO2,URE2,Clo,21.26149805783647
Smus,PCK1,URE2,Cro,21.08656613657905
Cro,CYC1,CCW12,Oeu,21.07479710661444
Smus,CYC1,URE2,Clo,20.132249514900412
Oeu,CYC1,CCW12,Clo,20.0171370870006
Oeu,ENO2,TPI1,Cpo,19.90317137884028
Cro,ENO2,TPI1,Cpo,19.607473517675345
Cro,ENO2,URE2,Aan,19.5900034711025
Rsep,RPL15B,TPI1,Ara,19.225132068442885
Vmin,ENO2,CCW12,Cpo,19.094678769125515
Smus,CYC1,CCW12,Cpo,18.96678935407588
Cro,ENO2,URE2,Rse,18.953256036640884
Smus,CYC1,URE2,Rse,18.698471306175904
Rsep,CYC1,URE2,Cac,18.350350145655952
Rsep,RPL15B,TPI1,Cac,18.312948269958245
Oeu,CYC1,TPI1,Oeu,18.178970467263422
Smus,ENO2,MLS1,Clo,18.15415626790886
Smus,RPL15B,CCW12,Rse,18.081102639411565
Vmin,ENO2,URE2,Clo,18.009237791426543
Rsep,CYC1,URE2,Cro,17.9076189876042
Smus,CYC1,URE2,Aan,17.619185751478167
Smus,ENO2,MLS1,Rse,17.428871122035567
Rsep,CYC1,URE2,Ara,17.38159805282954
Smus,ENO2,MLS1,Aan,17.222296432799858
Cro,RPL15B,TPI1,Cro,17.15063127991556
Oeu,ENO2,URE2,Ara,17.082683661062664
Cro,CYC1,URE2,Cro,16.96132977462246
Rsep,PCK1,TPI1,Cro,16.86230630757658
Smus,RPL15B,URE2,Cro,16.7816193028036
Smus,RPL15B,URE2,Ara,16.75438812617466
Rsep,ENO2,MLS1,Ara,16.619767332624125
Oeu,ENO2,URE2,Cro,16.347063195527173
Cro,CYC1,CCW12,Ara,16.238143012456828
Rsep,ENO2,MLS1,Cac,16.07854092778307
Vmin,ENO2,URE2,Oeu,16.003759600944914
Rsep,RPL15B,TPI1,Cro,15.936318547909629
Smus,CYC1,URE2,Oeu,15.689905406492551
Smus,RPL15B,CCW12,Cro,15.554195509993232
Smus,PCK1,CCW12,Cac,15.51294414030271
Smus,ENO2,URE2,Cpo,15.465695078245789
Cro,ENO2,URE2,Oeu,15.446246855698256
Smus,PCK1,CCW12,Ara,15.38806252760542
Vmin,PCK1,TPI1,Cro,15.375189586387012
Smus,RPL15B,TPI1,Oeu,15.370956618003673
Rsep,ENO2,MLS1,Cro,14.889400438134722
Opum,ENO2,URE2,Ara,14.592593494737596
Cro,RPL15B,TPI1,Ara,14.50405529335493
Opum,CYC1,CCW12,Cac,14.422078113980303
Cro,ENO2,MLS1,Ara,14.158955065560876
Smus,PCK1,URE2,Ara,13.477993023553978
Rsep,PCK1,TPI1,Cac,13.21763447600886
Smus,CYC1,MLS1,Ara,13.214783473523044
Opum,CYC1,TPI1,Ara,12.882906499581312
Opum,ENO2,URE2,Cro,12.68472501546484
Smus,ENO2,MLS1,Oeu,12.667669258128177
Smus,ENO2,URE2,Ani,12.619703966756926
Opum,CYC1,CCW12,Rse,12.562676380339004
Opum,ENO2,URE2,Cac,12.484372096149889
Rsep,PCK1,TPI1,Ara,12.453411482468656
Smus,CYC1,TPI1,Ani,12.192890358326729
Cro,ENO2,MLS1,Cro,12.190572735613088
Vmin,ENO2,MLS1,Ara,12.148106424283384
Smus,PCK1,CCW12,Cro,12.052203526423447
Oeu,ENO2,URE2,Aan,11.816251706749568
Smus,RPL15B,CCW12,Clo,11.75384882169817
Cro,CYC1,CCW12,Clo,11.72783133339734
Opum,CYC1,CCW12,Aan,11.65746154985009
Opum,CYC1,TPI1,Cro,11.388222292244231
Rsep,RPL15B,TPI1,Clo,10.964887769634398
Cro,CYC1,URE2,Cac,10.948676195505788
Rsep,CYC1,URE2,Rse,10.85508174497986
Opum,PCK1,TPI1,Cro,10.756313270737497
Smus,PCK1,TPI1,Oeu,10.75410791417734
Rsep,CYC1,URE2,Oeu,10.712516998757176
Vmin,CYC1,URE2,Ara,10.609455946688692
Rsep,ENO2,CCW12,Ani,10.47351748869042
Oeu,CYC1,CCW12,Ara,10.4627114338855
Smus,ENO2,CCW12,Ahu,10.454423628034757
Vmin,RPL15B,TPI1,Cac,10.398147730164972
Vmin,CYC1,URE2,Cro,10.264589965627644
Smus,CYC1,MLS1,Cro,10.203458926684274
Cro,ENO2,CCW12,Cpo,10.122841836803923
Rsep,ENO2,MLS1,Aan,9.945253819776646
Rsep,PCK1,TPI1,Clo,9.934745772760326
Oeu,PCK1,TPI1,Cro,9.861782076567811
Rsep,RPL15B,CCW12,Cac,9.68462756576171
Oeu,ENO2,URE2,Clo,9.439915222599126
Smus,ENO2,URE2,Ahu,9.33124742667055
Oeu,ENO2,URE2,Oeu,9.04885106794691
Cro,RPL15B,TPI1,Cac,8.843332157585099
Smus,PCK1,URE2,Cac,8.788901889402153
Rsep,CYC1,URE2,Clo,8.647162358099582
Rsep,ENO2,MLS1,Clo,8.614243257467589
Opum,ENO2,URE2,Aan,8.578503984749528
Vmin,ENO2,TPI1,Ani,8.438276115412622
Cro,ENO2,TPI1,Ani,8.343564716666684
Oeu,ENO2,URE2,Rse,8.271023926076765
Opum,CYC1,CCW12,Oeu,8.100214290439517
Cro,ENO2,MLS1,Clo,7.885772502630099
Opum,CYC1,TPI1,Rse,7.824474219895199
Cro,RPL15B,CCW12,Cac,7.72793708583492
Rsep,ENO2,MLS1,Rse,7.711031929559033
Cacu,ENO2,TPI1,Cro,7.675549011782563
Rsep,PCK1,URE2,Cro,7.674177444621796
Rsep,ENO2,MLS1,Oeu,7.669035685782116
Vmin,ENO2,MLS1,Cro,7.637619824188805
Smus,RPL15B,URE2,Cac,7.573440432750083
Smus,RPL15B,CCW12,Oeu,7.5423989665324225
Rsep,PCK1,TPI1,Aan,7.505078330100444
Rsep,ENO2,URE2,Cpo,7.444536441964718
Smus,CYC1,MLS1,Cac,7.200764783990481
Cro,ENO2,MLS1,Cac,7.104500766094409
Smus,CYC1,TPI1,Ahu,6.926156162669843
Cro,PCK1,CCW12,Cac,6.813091774132742
Cro,RPL15B,TPI1,Aan,6.745893149269056
Vmin,ENO2,MLS1,Cac,6.723622046044515
Vmin,RPL15B,CCW12,Cac,6.585526717808968
Opum,ENO2,URE2,Oeu,6.582844694799515
Oeu,RPL15B,TPI1,Cac,6.579253449536827
Rsep,RPL15B,TPI1,Aan,6.508722295664143
Opum,CYC1,TPI1,Aan,6.497925567144209
Oeu,ENO2,MLS1,Ara,6.4888194619440895
Opum,ENO2,URE2,Rse,6.339050122436518
Opum,ENO2,URE2,Clo,6.299601472985676
Cro,ENO2,TPI1,Ahu,6.278475344979528
Opum,CYC1,CCW12,Cro,6.137829015716353
Cro,RPL15B,URE2,Cac,6.108157499484964
Smus,PCK1,MLS1,Cro,6.068607289321752
Smus,ENO2,MLS1,Cpo,6.0386382213707375
Vmin,PCK1,TPI1,Cac,5.928849596879401
Opum,CYC1,TPI1,Clo,5.905445647032538
Opum,ENO2,MLS1,Ara,5.834091187733156
Ccal,ENO2,CCW12,Cac,5.733737289028861
Rsep,RPL15B,URE2,Ara,5.726305631082557
Opum,PCK1,TPI1,Cac,5.619782764806757
Oeu,RPL15B,CCW12,Cac,5.59856041795819
Cro,PCK1,TPI1,Rse,5.546398829685643
Cro,CYC1,MLS1,Cro,5.523731349826017
Smus,RPL15B,TPI1,Cpo,5.521928475676114
Rsep,PCK1,CCW12,Cac,5.484221316456898
Opum,RPL15B,TPI1,Cac,5.476019020730249
Cro,PCK1,URE2,Cac,5.469225927302876
Cro,RPL15B,TPI1,Clo,5.4463722937367365
Cacu,ENO2,TPI1,Ara,5.410968369597715
Vmin,ENO2,MLS1,Clo,5.400941537063318
Vmin,PCK1,URE2,Cac,5.356007355129016
Cro,CYC1,URE2,Aan,5.311446917293692
Opum,RPL15B,TPI1,Cro,5.199180504476486
Smus,RPL15B,URE2,Aan,5.158863349500207
Vmin,ENO2,MLS1,Aan,5.128161826483444
Ccal,ENO2,TPI1,Ara,5.017137963490665
Rsep,RPL15B,CCW12,Cro,4.963516263933977
Vmin,CYC1,URE2,Oeu,4.9273884566777095
Cro,PCK1,CCW12,Aan,4.9193670279953565
Vmin,ENO2,CCW12,Ani,4.912134702312848
Cro,ENO2,MLS1,Oeu,4.906580105320787
Ccal,ENO2,CCW12,Oeu,4.901441447064984
Smus,CYC1,MLS1,Aan,4.898404111543611
Cro,CYC1,URE2,Oeu,4.788016447176915
Opum,CYC1,CCW12,Ara,4.770449540379898
Cro,PCK1,URE2,Cro,4.765737991344142
Cro,ENO2,MLS1,Aan,4.750268951862598
Rsep,PCK1,URE2,Cac,4.7486208389958
Opum,ENO2,CCW12,Cpo,4.69494180785326
Opum,CYC1,TPI1,Oeu,4.662414307970231
Oeu,CYC1,URE2,Cac,4.656606103230628
Rsep,RPL15B,TPI1,Oeu,4.594269275539489
Vmin,RPL15B,TPI1,Clo,4.578496316267279
Opum,RPL15B,TPI1,Aan,4.578213409506661
Cro,PCK1,TPI1,Cac,4.465026083694824
Ccal,ENO2,TPI1,Oeu,4.457386013649643
Vmin,RPL15B,CCW12,Rse,4.451589585793357
Ccal,ENO2,TPI1,Aan,4.445778592021767
Smus,CYC1,MLS1,Clo,4.4000211004271375
Rsep,CYC1,MLS1,Ara,4.373231025052673
Ccal,ENO2,CCW12,Clo,4.353200786693099
Cro,PCK1,CCW12,Cro,4.3035216845400015
Cro,CYC1,URE2,Rse,4.24432410769829
Ccal,ENO2,URE2,Cac,4.240631501655875
Smus,PCK1,URE2,Rse,4.220320786039627
Opum,ENO2,MLS1,Clo,4.208086833345845
Cro,RPL15B,URE2,Aan,4.181743887371569
Opum,RPL15B,TPI1,Ara,4.17904853905506
Opum,PCK1,TPI1,Aan,4.154013289334905
Oeu,CYC1,URE2,Cro,4.15075075335136
Oeu,ENO2,MLS1,Clo,4.147826593654399
Cacu,ENO2,TPI1,Clo,4.044397502672773
Cro,ENO2,CCW12,Ani,4.0087596402071775
Smus,RPL15B,TPI1,Ani,4.0085896080212855
Cro,RPL15B,TPI1,Rse,4.00499291758387
Opum,PCK1,CCW12,Cac,4.002081491913014
Oeu,RPL15B,URE2,Cac,3.9933470065596026
Cro,RPL15B,URE2,Cro,3.971436606849052
Opum,CYC1,URE2,Cac,3.943369013936016
Ccal,ENO2,TPI1,Clo,3.893763538027258
Cro,PCK1,TPI1,Oeu,3.860311631771056
Ccal,CYC1,URE2,Clo,3.807650546082682
Cro,RPL15B,URE2,Clo,3.8075836180250633
Oeu,PCK1,TPI1,Aan,3.7837706033853222
Opum,CYC1,CCW12,Clo,3.730587283017492
Opum,PCK1,URE2,Cac,3.692459887103825
Ccal,ENO2,CCW12,Aan,3.670030508612316
Oeu,ENO2,MLS1,Cro,3.664489992392293
Cro,PCK1,TPI1,Aan,3.651681474949024
Opum,ENO2,MLS1,Cro,3.650875103611263
Smus,RPL15B,MLS1,Ara,3.619631797441249
Oeu,PCK1,CCW12,Cac,3.593311780407141
Smus,RPL15B,URE2,Rse,3.579309184396936
Rsep,CYC1,MLS1,Cro,3.57387121338558
Oeu,ENO2,MLS1,Aan,3.569714451909274
Smus,CYC1,MLS1,Rse,3.5693564645714915
Smus,PCK1,URE2,Oeu,3.5671086601865234
Cro,RPL15B,CCW12,Aan,3.5316922342288386
Vmin,PCK1,CCW12,Cac,3.53056788627436
Vmin,CYC1,URE2,Aan,3.505629281839937
Vmin,ENO2,MLS1,Oeu,3.498439854210071
Smus,RPL15B,URE2,Clo,3.4795010470913645
Vmin,ENO2,MLS1,Rse,3.473704416283597
Opum,RPL15B,CCW12,Cac,3.421900000155313
Oeu,ENO2,CCW12,Ani,3.403147073166694
Ccal,PCK1,URE2,Oeu,3.400068005459
Opum,ENO2,MLS1,Aan,3.3989183411900115
Vmin,RPL15B,TPI1,Oeu,3.390849369454113
Ccal,CYC1,URE2,Aan,3.380919637136401
Cro,RPL15B,URE2,Oeu,3.373724732645133
Ccal,CYC1,CCW12,Oeu,3.281644379778884
Opum,RPL15B,URE2,Cac,3.274300430557771
Rsep,RPL15B,TPI1,Rse,3.2740989782486647
Smus,CYC1,URE2,Ani,3.24946154578416
Ccal,CYC1,TPI1,Oeu,3.226076320250172
Cro,CYC1,MLS1,Oeu,3.206162737514969
Vmin,ENO2,CCW12,Ahu,3.2059996035017946
Oeu,CYC1,URE2,Oeu,3.1689691722819244
Opum,ENO2,MLS1,Cac,3.1669184639775487
Cro,RPL15B,TPI1,Oeu,3.163873729108932
Ccal,CYC1,CCW12,Aan,3.12453488173558
Cro,CYC1,MLS1,Aan,3.106930819658229
Ccal,ENO2,CCW12,Rse,3.1036432663255056
Ccal,CYC1,CCW12,Cac,3.102849660648676
Ccal,ENO2,URE2,Oeu,3.0963363502847585
Cro,CYC1,TPI1,Ani,3.09549746147659
Oeu,PCK1,TPI1,Cac,3.090779473309448
Cro,PCK1,URE2,Aan,3.077384194741189
Ccal,ENO2,TPI1,Rse,3.072622330891317
Ccal,ENO2,CCW12,Ara,3.068647741119108
Cro,CYC1,URE2,Ani,3.0548181226910582
Cro,PCK1,CCW12,Clo,3.050599741535615
Vmin,RPL15B,URE2,Aan,3.04409016214726
Smus,CYC1,URE2,Cpo,3.0282481613815357
Vmin,ENO2,URE2,Cpo,3.027003118525334
Opum,ENO2,CCW12,Ani,3.0241880266015397
Smus,RPL15B,MLS1,Cac,2.996187822904101
Oeu,RPL15B,TPI1,Clo,2.976657349939101
Smus,CYC1,MLS1,Oeu,2.976443269590632
Cro,CYC1,CCW12,Cpo,2.9614786445468138
Ccal,CYC1,CCW12,Clo,2.954941431627756
Smus,ENO2,MLS1,Ani,2.9529573278517383
Oeu,RPL15B,TPI1,Cro,2.945469329270294
Oeu,ENO2,MLS1,Oeu,2.896345194700052
Oeu,RPL15B,TPI1,Ara,2.892753387201912
Ccal,CYC1,URE2,Cac,2.8897281163999384
Cro,PCK1,CCW12,Ara,2.880551205968228
Ccal,CYC1,URE2,Rse,2.8622061502701666
Ccal,ENO2,CCW12,Cro,2.859633507171317
Ccal,CYC1,CCW12,Cro,2.819924608293149
Cro,RPL15B,CCW12,Oeu,2.791330109243278
Vmin,RPL15B,CCW12,Aan,2.7855603889969736
Ccal,CYC1,URE2,Cro,2.780272492061732
Rsep,ENO2,CCW12,Ahu,2.7569624033035964
Cacu,ENO2,CCW12,Ara,2.744438821199843
Opum,RPL15B,TPI1,Clo,2.73441307816967
Smus,PCK1,URE2,Aan,2.7232068745147124
Cro,CYC1,MLS1,Clo,2.71542239238096
Ccal,CYC1,TPI1,Cac,2.712212783959904
Vmin,RPL15B,TPI1,Rse,2.706711018664256
Cro,CYC1,URE2,Ahu,2.705493206796985
Cacu,ENO2,TPI1,Rse,2.6977121390513474
Opum,CYC1,URE2,Aan,2.692888036914425
Rsep,CYC1,TPI1,Ani,2.691083644382685
Cro,CYC1,URE2,Cpo,2.674402385806657
Oeu,CYC1,URE2,Aan,2.673198103453549
Vmin,CYC1,MLS1,Ara,2.654401441867085
Vmin,PCK1,TPI1,Clo,2.629557802774789
Cro,ENO2,URE2,Ahu,2.6162084779210524
Rsep,RPL15B,CCW12,Aan,2.608555449980217
Opum,ENO2,TPI1,Ani,2.5902064713452617
Ccal,ENO2,URE2,Aan,2.583759106716736
Oeu,RPL15B,CCW12,Oeu,2.556359964272236
Rsep,CYC1,MLS1,Cac,2.548306881064809
Smus,RPL15B,MLS1,Aan,2.5377282735591464
Oeu,ENO2,MLS1,Cac,2.528273213185136
Smus,RPL15B,MLS1,Cro,2.5220872191530948
Ccal,CYC1,CCW12,Rse,2.5174173141435467
Cro,RPL15B,CCW12,Rse,2.509243997765134
Rsep,RPL15B,MLS1,Cac,2.5046284574664206
Cro,RPL15B,URE2,Rse,2.4910204763760984
Cacu,PCK1,MLS1,Clo,2.4653540924942856
Cacu,ENO2,CCW12,Cac,2.4556636938910703
Rsep,PCK1,TPI1,Rse,2.4396708129134588
Oeu,CYC1,URE2,Clo,2.431419395752986
Cro,CYC1,CCW12,Ani,2.4061862870008195
Opum,PCK1,URE2,Aan,2.4027226294648774
Opum,RPL15B,URE2,Aan,2.3887576478801678
Opum,CYC1,URE2,Clo,2.378280077153644
Smus,RPL15B,URE2,Oeu,2.3711684105852875
Ccal,CYC1,TPI1,Clo,2.340613095910081
Opum,CYC1,URE2,Oeu,2.3360758818648417
Cro,CYC1,MLS1,Ara,2.334628864529007
Ccal,CYC1,TPI1,Aan,2.324597930700314
Cro,CYC1,TPI1,Cpo,2.31791251266975
Ccal,PCK1,CCW12,Oeu,2.304584590817809
Cro,PCK1,MLS1,Oeu,2.277873258014278
Opum,RPL15B,CCW12,Oeu,2.2738195733120907
Opum,PCK1,URE2,Oeu,2.261819188608364
Oeu,PCK1,URE2,Aan,2.2511186074050133
Smus,CYC1,CCW12,Ani,2.232839814447482
Rsep,CYC1,CCW12,Cpo,2.225682372833558
Oeu,CYC1,URE2,Rse,2.219255223463689
Vmin,PCK1,TPI1,Aan,2.203924526016303
Ccal,PCK1,TPI1,Oeu,2.196571217703008
Cro,PCK1,URE2,Rse,2.194856011582172
Vmin,PCK1,URE2,Aan,2.1940595015041198
Opum,ENO2,TPI1,Ahu,2.1873983775501884
Opum,ENO2,URE2,Cpo,2.1399888946518253
Cro,CYC1,MLS1,Rse,2.112748305529948
Vmin,CYC1,URE2,Rse,2.1067895840886117
Cro,PCK1,TPI1,Cpo,2.098030442611167
Cacu,ENO2,URE2,Ara,2.095452336600044
Oeu,RPL15B,MLS1,Cac,2.091228057698167
Rsep,RPL15B,CCW12,Clo,2.087632278988071
Oeu,PCK1,URE2,Oeu,2.080049730679711
Vmin,RPL15B,URE2,Ara,2.0722623252861343
Smus,RPL15B,TPI1,Ahu,2.0655046378207658
Ccal,CYC1,CCW12,Cpo,2.0571080204599266
Oeu,RPL15B,CCW12,Clo,2.054442833600968
Ccal,ENO2,URE2,Rse,2.0476119531283263
Ccal,PCK1,CCW12,Clo,2.0474361723388768
Rsep,RPL15B,URE2,Oeu,2.036593506239882
Cro,RPL15B,TPI1,Cpo,2.035958909837996
Opum,PCK1,TPI1,Rse,2.031428365657888
Cro,ENO2,MLS1,Cpo,2.027514739532691
Vmin,RPL15B,CCW12,Cro,2.020643694852861
Cro,ENO2,URE2,Cpo,2.017277041847608
Cro,RPL15B,MLS1,Cac,2.0052505506734253
Opum,PCK1,TPI1,Clo,1.979049916595578
Cro,RPL15B,CCW12,Clo,1.972795364474944
Oeu,ENO2,MLS1,Rse,1.970238517644331
Opum,ENO2,CCW12,Ahu,1.9630646902425597
Opum,CYC1,URE2,Ara,1.9580725902102556
Vmin,CYC1,MLS1,Cro,1.94165608055234
Opum,RPL15B,CCW12,Rse,1.9370025925822765
Opum,PCK1,TPI1,Cpo,1.9259120338726703
Rsep,ENO2,MLS1,Cpo,1.9213100947910853
Opum,RPL15B,MLS1,Cac,1.920431946978903
Vmin,CYC1,CCW12,Cpo,1.9140516895609565
Rsep,CYC1,MLS1,Oeu,1.9128975751466517
Oeu,CYC1,CCW12,Cpo,1.8982853925770973
Oeu,RPL15B,URE2,Oeu,1.8944060098111797
Ccal,CYC1,MLS1,Oeu,1.8873355570212096
Opum,PCK1,TPI1,Oeu,1.8706783992425928
Opum,RPL15B,TPI1,Oeu,1.864901691977808
Oeu,PCK1,TPI1,Oeu,1.858691868165021
Ccal,RPL15B,MLS1,Clo,1.8543353084480927
Cro,ENO2,URE2,Ani,1.8523680968238276
Opum,RPL15B,TPI1,Rse,1.8357574968198944
Cro,RPL15B,MLS1,Aan,1.8311963216301432
Rsep,RPL15B,CCW12,Rse,1.8259277589392884
Ccal,ENO2,URE2,Ahu,1.820941964798422
Rsep,PCK1,URE2,Oeu,1.8150413342017
Cacu,ENO2,CCW12,Rse,1.8145499262780491
Vmin,PCK1,MLS1,Cac,1.8137776309974445
Cro,PCK1,CCW12,Rse,1.810763305586427
Ccal,ENO2,CCW12,Cpo,1.8067279096993156
Ccal,RPL15B,URE2,Oeu,1.8017547124157376
Ccal,CYC1,URE2,Cpo,1.7976264970034652
Cacu,ENO2,CCW12,Clo,1.7970115223859455
Opum,RPL15B,CCW12,Cro,1.7942321351533064
Ccal,ENO2,URE2,Clo,1.793191038592326
Opum,RPL15B,URE2,Clo,1.781310449893649
Vmin,RPL15B,MLS1,Cac,1.7687437288323782
Ccal,CYC1,TPI1,Cro,1.766306123024025
Oeu,PCK1,MLS1,Cac,1.7539272730417323
Oeu,RPL15B,URE2,Aan,1.7516735785980782
Vmin,RPL15B,MLS1,Ani,1.7502291433528718
Vmin,RPL15B,MLS1,Ahu,1.7398537579682412
Smus,PCK1,MLS1,Aan,1.7388491340541492
Cacu,ENO2,CCW12,Aan,1.7334368708365329
Ccal,ENO2,CCW12,Ahu,1.726807859685195
Rsep,RPL15B,URE2,Aan,1.7232818630019473
Cacu,CYC1,TPI1,Cro,1.7134352997671236
Ccal,ENO2,URE2,Ara,1.7112437724094145
Cacu,RPL15B,URE2,Cac,1.7081227817189362
Rsep,RPL15B,URE2,Clo,1.706148726109593
Vmin,CYC1,TPI1,Cpo,1.6993507964058576
Opum,ENO2,MLS1,Ahu,1.681866857114775
Opum,PCK1,CCW12,Aan,1.6804042153894372
Opum,CYC1,MLS1,Cac,1.6779035996278573
Ccal,CYC1,TPI1,Rse,1.6764790243685823
Cacu,ENO2,TPI1,Oeu,1.6722673992397432
Vmin,ENO2,TPI1,Ahu,1.668125585887671
Oeu,CYC1,MLS1,Oeu,1.6634647710692183
Opum,RPL15B,URE2,Ara,1.6557006450004987
Ccal,RPL15B,TPI1,Cac,1.6541487266334354
Ccal,PCK1,MLS1,Clo,1.652002907207068
Cacu,PCK1,MLS1,Aan,1.6459786625094797
Ccal,RPL15B,URE2,Clo,1.6408969421430406
Cacu,PCK1,MLS1,Cro,1.6334364658540146
Cacu,PCK1,MLS1,Cpo,1.6331182353210796
Rsep,PCK1,CCW12,Ara,1.627309089164644
Oeu,RPL15B,CCW12,Aan,1.6204622243145383
Smus,PCK1,CCW12,Oeu,1.6192548158403
Opum,RPL15B,MLS1,Oeu,1.6186078082602808
Cacu,ENO2,URE2,Ahu,1.6135353184536978
Cacu,RPL15B,MLS1,Clo,1.608377661519869
Rsep,RPL15B,URE2,Cro,1.6017131604071242
Ccal,CYC1,CCW12,Ahu,1.5995199103515088
Ccal,RPL15B,TPI1,Clo,1.5938862299971763
Cro,CYC1,CCW12,Ahu,1.5789571436104524
Cro,CYC1,MLS1,Ahu,1.575560376509543
Cacu,ENO2,URE2,Clo,1.5738416601380276
Cacu,CYC1,TPI1,Ara,1.563758356277548
Rsep,PCK1,MLS1,Aan,1.5625328390636035
Vmin,CYC1,TPI1,Ani,1.561747782491226
Cacu,RPL15B,URE2,Clo,1.5539348897277223
Ccal,RPL15B,MLS1,Oeu,1.5533087217262267
Cacu,CYC1,URE2,Clo,1.5527806684712395
Cacu,CYC1,CCW12,Cac,1.5474687869225008
Cacu,CYC1,MLS1,Clo,1.5329430017881602
Ccal,ENO2,URE2,Cpo,1.5282980042062242
Cro,CYC1,TPI1,Ahu,1.5167191947098375
Rsep,PCK1,CCW12,Aan,1.5156840601324006
Ccal,RPL15B,CCW12,Cro,1.5125302354677963
Opum,ENO2,MLS1,Oeu,1.508561223004735
Cacu,RPL15B,URE2,Oeu,1.508523868393226
Opum,CYC1,URE2,Rse,1.5054878278186017
Cacu,PCK1,MLS1,Ahu,1.4995338363604738
Cacu,ENO2,URE2,Oeu,1.494736032032801
Cro,RPL15B,MLS1,Cro,1.494031948720588
Cacu,CYC1,URE2,Oeu,1.4925366380536058
Cacu,PCK1,CCW12,Clo,1.4861946071461
Ccal,PCK1,MLS1,Oeu,1.4789648905239048
Opum,CYC1,MLS1,Clo,1.4698524733640266
Ccal,RPL15B,MLS1,Cpo,1.4653522166115174
Ccal,PCK1,URE2,Cro,1.4602601908077304
Cacu,PCK1,MLS1,Cac,1.4516593640847637
Ccal,ENO2,MLS1,Aan,1.4509049108009735
Oeu,CYC1,MLS1,Cac,1.4434374190517172
Oeu,ENO2,URE2,Cpo,1.4322967712686785
Smus,RPL15B,URE2,Cpo,1.4318843630745768
Cro,RPL15B,URE2,Ara,1.4293365814197363
Oeu,PCK1,URE2,Clo,1.428686355303249
Ccal,RPL15B,TPI1,Oeu,1.4257732688048923
Rsep,CYC1,MLS1,Clo,1.4241121518135085
Cacu,CYC1,MLS1,Oeu,1.421114309377959
Cro,CYC1,MLS1,Cpo,1.4193996718061186
Cacu,ENO2,URE2,Ani,1.4187362472756178
Cacu,RPL15B,MLS1,Ara,1.407261465686446
Vmin,RPL15B,MLS1,Cpo,1.398982292166476
Ccal,RPL15B,MLS1,Cac,1.394916665754625
Cacu,ENO2,MLS1,Clo,1.3944670267122063
Ccal,RPL15B,CCW12,Ara,1.3941842802440014
Cro,RPL15B,CCW12,Ani,1.3938523144781847
Cacu,RPL15B,MLS1,Cro,1.3936517531477204
Cacu,ENO2,MLS1,Ahu,1.3935128385967437
Cacu,ENO2,URE2,Cro,1.3894843175544764
Ccal,ENO2,MLS1,Clo,1.3835534786214652
Smus,CYC1,MLS1,Ahu,1.3832244907174491
Vmin,PCK1,CCW12,Oeu,1.379956413419526
Ccal,RPL15B,CCW12,Aan,1.378865160662574
Cacu,RPL15B,MLS1,Cac,1.3724807388070666
Cacu,RPL15B,MLS1,Oeu,1.371917901145121
Cacu,RPL15B,TPI1,Clo,1.3712448616981874
Smus,PCK1,URE2,Cpo,1.3701723498677154
Ccal,CYC1,MLS1,Clo,1.3700148038162645
Vmin,PCK1,URE2,Oeu,1.3599541363761372
Cacu,CYC1,MLS1,Cro,1.3581513611841023
Ccal,PCK1,CCW12,Aan,1.3547251463683845
Cacu,ENO2,MLS1,Rse,1.3494507757065275
Opum,PCK1,MLS1,Aan,1.346239071166201
Cro,ENO2,CCW12,Ahu,1.342437960851111
Cacu,CYC1,MLS1,Cac,1.3369733559990404
Rsep,CYC1,MLS1,Aan,1.3353342503788586
Vmin,CYC1,MLS1,Oeu,1.3350190827372757
Vmin,PCK1,CCW12,Aan,1.331309886707853
Cacu,RPL15B,CCW12,Clo,1.329655433010938
Vmin,ENO2,MLS1,Ahu,1.317200951900583
Cacu,RPL15B,MLS1,Cpo,1.317170925485577
Cro,PCK1,MLS1,Rse,1.3170696490791052
Ccal,RPL15B,TPI1,Cro,1.3136381580773475
Cacu,PCK1,MLS1,Oeu,1.3122280215491156
Opum,CYC1,MLS1,Oeu,1.3118254893570835
Vmin,PCK1,TPI1,Ara,1.3114909665847527
Cacu,CYC1,CCW12,Oeu,1.3105143176275948
Cacu,CYC1,CCW12,Clo,1.3099033189711164
Cro,RPL15B,MLS1,Ahu,1.299147170878758
Oeu,CYC1,MLS1,Clo,1.2899958480727545
Cacu,ENO2,MLS1,Oeu,1.2833429546620805
Cacu,ENO2,URE2,Aan,1.2817057921776822
Cacu,RPL15B,MLS1,Ahu,1.271621685192379
Opum,RPL15B,MLS1,Cpo,1.2652565107841944
Cro,RPL15B,URE2,Cpo,1.264448220092115
Ccal,CYC1,URE2,Ahu,1.2640422495655184
Cro,CYC1,MLS1,Ani,1.2597144536823048
Ccal,RPL15B,URE2,Cac,1.25478572822899
Opum,CYC1,MLS1,Aan,1.2538451348366983
Vmin,CYC1,MLS1,Ahu,1.2537918512915578
Opum,RPL15B,CCW12,Ahu,1.2530820929105904
Cacu,CYC1,MLS1,Ahu,1.2520271510209149
Opum,CYC1,CCW12,Cpo,1.2515574808764605
Cro,RPL15B,MLS1,Oeu,1.251348580645871
Cro,PCK1,CCW12,Oeu,1.2459504300113196
Ccal,CYC1,URE2,Ara,1.2420632785493062
Opum,RPL15B,MLS1,Ahu,1.239492482172821
Cacu,ENO2,URE2,Cac,1.2365630266976737
Cro,PCK1,CCW12,Ani,1.226655695678602
Cacu,PCK1,URE2,Clo,1.2225454983394377
Ccal,PCK1,URE2,Cac,1.221561130967972
Cro,RPL15B,MLS1,Rse,1.2161956224722523
Ccal,RPL15B,CCW12,Cac,1.215614030109105
Cacu,ENO2,URE2,Cpo,1.2153728065236056
Opum,RPL15B,MLS1,Rse,1.2123399540271826
Cacu,RPL15B,MLS1,Aan,1.210516990401759
Oeu,RPL15B,MLS1,Oeu,1.2098117420793812
Cro,RPL15B,TPI1,Ahu,1.209174473286618
Ccal,RPL15B,MLS1,Cro,1.2087791587369754
Cacu,RPL15B,CCW12,Cro,1.1981523108797276
Cacu,RPL15B,URE2,Rse,1.1976028246273334
Cacu,CYC1,MLS1,Cpo,1.1956358944240577
Vmin,ENO2,MLS1,Cpo,1.1946193787778672
Cacu,CYC1,MLS1,Aan,1.1943124081242704
Ccal,ENO2,TPI1,Ahu,1.194166560691345
Cacu,ENO2,MLS1,Aan,1.193537213618388
Ccal,RPL15B,URE2,Cro,1.1901724893644356
Ccal,RPL15B,CCW12,Rse,1.1899270991972024
Cro,RPL15B,MLS1,Ani,1.1866650669757703
Oeu,PCK1,MLS1,Aan,1.1774618951201816
Rsep,RPL15B,MLS1,Oeu,1.1768023279637063
Cacu,RPL15B,CCW12,Oeu,1.1695250450142574
Cacu,PCK1,CCW12,Cro,1.1683098073305196
Opum,RPL15B,CCW12,Ani,1.165662668530434
Cacu,ENO2,CCW12,Ani,1.1603878300319437
Rsep,RPL15B,MLS1,Rse,1.1594105911085677
Oeu,RPL15B,MLS1,Cpo,1.159104316322818
Opum,CYC1,MLS1,Rse,1.1560611914352314
Cacu,ENO2,CCW12,Ahu,1.153101126967254
Vmin,PCK1,MLS1,Cro,1.1484814400871637
Smus,RPL15B,MLS1,Rse,1.1479961331538036
Opum,RPL15B,URE2,Cro,1.1429614724302652
Cacu,CYC1,TPI1,Oeu,1.1426305595033597
Ccal,ENO2,URE2,Ani,1.1411360917287752
Opum,CYC1,MLS1,Ahu,1.1397240596393772
Cacu,CYC1,MLS1,Rse,1.1354205469503924
Ccal,RPL15B,TPI1,Aan,1.1321340379802685
Cro,RPL15B,CCW12,Ara,1.130997628056889
Vmin,CYC1,URE2,Clo,1.117781665489737
Vmin,RPL15B,MLS1,Ara,1.1176874521299034
Ccal,RPL15B,TPI1,Ara,1.1166368895308558
Ccal,CYC1,CCW12,Ara,1.11565289908469
Ccal,ENO2,URE2,Cro,1.112514585156429
Rsep,CYC1,MLS1,Rse,1.1124309241444728
Ccal,PCK1,URE2,Rse,1.107943950432844
Cacu,PCK1,MLS1,Ani,1.1009007475716928
Cacu,CYC1,URE2,Cro,1.095031364228447
Vmin,CYC1,MLS1,Ani,1.090265150185591
Smus,CYC1,MLS1,Ani,1.0902624294369048
Oeu,ENO2,MLS1,Ahu,1.0846724734812412
Cacu,RPL15B,CCW12,Cac,1.084357250991797
Smus,RPL15B,MLS1,Oeu,1.083781230619547
Ccal,PCK1,MLS1,Rse,1.083183479646845
Cacu,ENO2,MLS1,Ani,1.0823473416060023
Cacu,RPL15B,CCW12,Ahu,1.0798186213332492
Vmin,CYC1,MLS1,Cpo,1.0790510310369292
Cro,RPL15B,MLS1,Ara,1.0789305993604614
Opum,CYC1,MLS1,Cro,1.0781625869768623
Ccal,RPL15B,CCW12,Cpo,1.0774418667421308
Opum,ENO2,URE2,Ahu,1.0766209371822697
Opum,CYC1,URE2,Cro,1.0763904047450945
Cacu,RPL15B,TPI1,Oeu,1.072475746979329
Rsep,RPL15B,MLS1,Cpo,1.071900998447859
Opum,CYC1,URE2,Ahu,1.0708043087546422
Oeu,ENO2,URE2,Ahu,1.0688477704859525
Vmin,RPL15B,CCW12,Ara,1.066945524313919
Cacu,RPL15B,MLS1,Rse,1.0652657344263616
Vmin,RPL15B,URE2,Rse,1.0641457554974174
Cacu,ENO2,TPI1,Ahu,1.056051828932329
Oeu,RPL15B,TPI1,Rse,1.050414759020729
Vmin,RPL15B,MLS1,Rse,1.0504119681873654
Ccal,PCK1,MLS1,Cro,1.0489710444557296
Ccal,ENO2,MLS1,Oeu,1.04817797559188
Rsep,RPL15B,MLS1,Aan,1.0451920655143103
Cacu,RPL15B,CCW12,Ara,1.0411097559819602
Ccal,CYC1,MLS1,Ara,1.0403572328780584
Cacu,CYC1,TPI1,Clo,1.033792430044496
Opum,PCK1,CCW12,Ara,1.0277442215521582
Opum,RPL15B,URE2,Rse,1.0266210252006722
Opum,PCK1,CCW12,Clo,1.0264951481967302
Cacu,RPL15B,CCW12,Cpo,1.0234273647363956
Oeu,ENO2,CCW12,Ahu,1.0223802426682873
Vmin,CYC1,MLS1,Clo,1.0208456703515196
Oeu,CYC1,URE2,Ani,1.019557652818328
Cacu,PCK1,CCW12,Oeu,1.0184844607999324
Cacu,RPL15B,TPI1,Cro,1.0136515222920472
Ccal,ENO2,TPI1,Cpo,1.0133594130185486
Cacu,CYC1,TPI1,Cac,1.012070003499975
Ccal,RPL15B,URE2,Aan,1.0086683692673546
Cacu,PCK1,MLS1,Rse,1.004958428960702
Ccal,ENO2,CCW12,Ani,0.9935191443828622
Ccal,RPL15B,URE2,Ara,0.9931712208179456
Opum,CYC1,URE2,Cpo,0.9900241212212428
Cacu,RPL15B,TPI1,Cac,0.9873079529568648
Vmin,RPL15B,URE2,Oeu,0.9856224530253536
Rsep,PCK1,MLS1,Rse,0.9794718534738998
Cacu,CYC1,MLS1,Ani,0.9783213640604452
Ccal,RPL15B,TPI1,Rse,0.977206676890237
Cro,RPL15B,URE2,Ani,0.9732267006707148
Ccal,RPL15B,TPI1,Cpo,0.9727766878694092
Cacu,ENO2,CCW12,Cpo,0.9715483062945652
Smus,PCK1,MLS1,Rse,0.9695367693645024
Vmin,RPL15B,MLS1,Cro,0.9670745009998428
Cacu,PCK1,CCW12,Cpo,0.9637374851403848
Cacu,RPL15B,MLS1,Ani,0.963120165041552
Rsep,RPL15B,MLS1,Ahu,0.961549375273556
Oeu,CYC1,CCW12,Ani,0.9594775516373916
Vmin,CYC1,CCW12,Ani,0.9594139755050506
Cacu,RPL15B,TPI1,Ara,0.9559336202696612
Oeu,RPL15B,MLS1,Aan,0.9536610350713096
Opum,CYC1,URE2,Ani,0.9533952966721309
Cacu,RPL15B,TPI1,Cpo,0.9499658500378452
Cro,PCK1,MLS1,Cro,0.9426834206421084
Cacu,RPL15B,CCW12,Aan,0.9416963031170232
Smus,RPL15B,MLS1,Ahu,0.9394451910581338
Cacu,CYC1,CCW12,Cro,0.9340257092196254
Opum,CYC1,MLS1,Cpo,0.9329653574817058
Oeu,PCK1,MLS1,Clo,0.9302390604840198
Cacu,ENO2,MLS1,Cac,0.9298731810831669
Opum,RPL15B,TPI1,Cpo,0.9276567524516856
Ccal,CYC1,MLS1,Rse,0.9263235270970148
Opum,CYC1,MLS1,Ara,0.9251636104334652
Cacu,RPL15B,CCW12,Ani,0.916291920227284
Cacu,ENO2,MLS1,Cro,0.9077874873241818
Ccal,RPL15B,URE2,Cpo,0.9005342775968828
Ccal,CYC1,CCW12,Ani,0.8994056935119197
Cacu,RPL15B,URE2,Ara,0.8981928700367057
Cacu,PCK1,URE2,Rse,0.8924308589484085
Oeu,CYC1,MLS1,Aan,0.8893210833292251
Vmin,CYC1,MLS1,Aan,0.883504771358993
Ccal,PCK1,CCW12,Cpo,0.8812802851902077
Cacu,ENO2,MLS1,Ara,0.8806510859822865
Opum,CYC1,TPI1,Cpo,0.8789205537354476
Cro,PCK1,CCW12,Ahu,0.8773307797845291
Ccal,PCK1,MLS1,Ahu,0.8646831277574911
Rsep,ENO2,MLS1,Ahu,0.8644836627430905
Oeu,RPL15B,MLS1,Ahu,0.8626323307674397
Cacu,CYC1,TPI1,Ahu,0.8619539450685458
Vmin,RPL15B,TPI1,Cpo,0.8618892012144421
Cro,RPL15B,CCW12,Ahu,0.8617363417100563
Oeu,CYC1,MLS1,Ara,0.8590599342656837
Ccal,CYC1,TPI1,Ahu,0.8581137969927752
Oeu,PCK1,TPI1,Rse,0.8561998115122265
Ccal,RPL15B,URE2,Ahu,0.853577162693469
Opum,RPL15B,URE2,Cpo,0.8533232606627088
Ccal,RPL15B,TPI1,Ahu,0.8519103845266578
Vmin,RPL15B,URE2,Cpo,0.8477372632555813
Cacu,RPL15B,URE2,Aan,0.8476634684105306
Cacu,RPL15B,TPI1,Ahu,0.8467527460496527
Cro,RPL15B,MLS1,Cpo,0.8446852679572601
Cacu,PCK1,TPI1,Cro,0.8446038472487913
Opum,PCK1,TPI1,Ara,0.8431060971150082
Vmin,CYC1,URE2,Ani,0.8394867551001575
Opum,RPL15B,MLS1,Clo,0.8340794135656893
Ccal,CYC1,MLS1,Cpo,0.8340407310662279
Ccal,CYC1,MLS1,Aan,0.8315266434480826
Opum,CYC1,MLS1,Ani,0.8312225394885466
Cacu,CYC1,URE2,Aan,0.8249978699841911
Ccal,PCK1,TPI1,Cpo,0.8216675450687632
Opum,PCK1,MLS1,Ahu,0.8174721108233207
Opum,RPL15B,TPI1,Ani,0.8173497105692178
Vmin,PCK1,MLS1,Ahu,0.8118861134161932
Opum,RPL15B,URE2,Ahu,0.8063661457592985
Smus,PCK1,MLS1,Ahu,0.803614829285852
Opum,ENO2,MLS1,Ani,0.8035683895937105
Vmin,RPL15B,URE2,Ahu,0.8007801483521675
Cacu,CYC1,MLS1,Ara,0.7986404864782806
Ccal,ENO2,MLS1,Ani,0.7978199095515173
Cro,RPL15B,CCW12,Cpo,0.7970943644946864
Cacu,CYC1,CCW12,Ani,0.7947568891657646
Ccal,PCK1,TPI1,Cro,0.7942069778132108
Cacu,PCK1,CCW12,Ara,0.7896994532937356
Vmin,CYC1,MLS1,Rse,0.783274431794279
Vmin,PCK1,URE2,Rse,0.7824301324674465
Vmin,PCK1,MLS1,Oeu,0.7727280833931154
Opum,CYC1,TPI1,Ahu,0.7721761121212651
Oeu,PCK1,MLS1,Oeu,0.7717194774015788
Cro,ENO2,MLS1,Ahu,0.7715080657535509
Opum,PCK1,CCW12,Ani,0.7687937595441277
Rsep,PCK1,URE2,Ara,0.7686805652541047
Cro,PCK1,CCW12,Cpo,0.7678335344789105
Rsep,CYC1,URE2,Ani,0.7639048285314587
Smus,PCK1,TPI1,Cpo,0.7610582013392744
Rsep,PCK1,MLS1,Ahu,0.7592169740325261
Cacu,ENO2,MLS1,Cpo,0.7579417792497161
Vmin,PCK1,URE2,Cro,0.7530699638095797
Rsep,PCK1,TPI1,Cpo,0.7527117726000405
Ccal,PCK1,MLS1,Ani,0.7522010238545036
Rsep,RPL15B,URE2,Ahu,0.7481110089685004
Opum,RPL15B,CCW12,Cpo,0.7459405005304234
Ccal,RPL15B,URE2,Ani,0.7410950587904743
Oeu,PCK1,TPI1,Clo,0.7395436009354306
Cacu,PCK1,TPI1,Cpo,0.7394545629960767
Rsep,PCK1,CCW12,Oeu,0.734866008064877
Opum,PCK1,TPI1,Ahu,0.727499413231179
Oeu,CYC1,MLS1,Cro,0.7224797396578246
Opum,CYC1,CCW12,Ahu,0.7203315155630357
Smus,PCK1,CCW12,Rse,0.7196396885120251
Vmin,PCK1,CCW12,Ara,0.7163070703123857
Ccal,PCK1,TPI1,Rse,0.7122549042440838
Ccal,PCK1,TPI1,Ahu,0.7111291457872788
Opum,PCK1,MLS1,Ani,0.7049900069203296
Ccal,PCK1,CCW12,Cro,0.7046919501151265
Cacu,CYC1,CCW12,Aan,0.701125431568812
Vmin,ENO2,URE2,Ahu,0.7004865076560485
Cacu,PCK1,CCW12,Ani,0.6994188770309968
Vmin,PCK1,MLS1,Ani,0.6994040095132021
Cacu,RPL15B,CCW12,Rse,0.698960845840709
Ccal,PCK1,URE2,Cpo,0.6982018763558528
Cacu,PCK1,URE2,Ara,0.6958604687956758
Opum,RPL15B,URE2,Ani,0.6938840418563075
Oeu,PCK1,CCW12,Clo,0.69053993210931
Vmin,RPL15B,URE2,Ani,0.6882980444491764
Rsep,RPL15B,CCW12,Ani,0.6850322693599864
Smus,RPL15B,URE2,Ani,0.6800267603188388
Cacu,ENO2,TPI1,Cpo,0.6799814005064597
Opum,PCK1,URE2,Cro,0.6711717528116274
Opum,RPL15B,MLS1,Cro,0.6706969975344137
Rsep,RPL15B,MLS1,Ani,0.6639684722355348
Oeu,ENO2,MLS1,Cpo,0.6606353056051582
Oeu,PCK1,MLS1,Ahu,0.6602999295264098
Oeu,PCK1,MLS1,Ara,0.6598100014888324
Cacu,RPL15B,TPI1,Aan,0.6585391061046799
Oeu,RPL15B,MLS1,Ani,0.6570241438831275
Opum,RPL15B,MLS1,Aan,0.6534202264473912
Rsep,PCK1,MLS1,Cro,0.6523002121339978
Ccal,ENO2,MLS1,Cac,0.6522821412307849
Opum,PCK1,MLS1,Cro,0.6519936123591776
Oeu,RPL15B,CCW12,Cro,0.651368752997886
Ccal,PCK1,URE2,Ahu,0.651244761452439
Oeu,PCK1,MLS1,Cro,0.6504780980147622
Oeu,RPL15B,URE2,Ahu,0.6491939644623841
Rsep,RPL15B,URE2,Ani,0.6356289050655128
Cacu,PCK1,CCW12,Aan,0.6352184820172866
Cro,PCK1,URE2,Clo,0.6331619358799294
Ccal,CYC1,TPI1,Ani,0.6289981857173963
Oeu,RPL15B,TPI1,Ahu,0.6225733631676924
Oeu,PCK1,TPI1,Cpo,0.6195661930686747
Vmin,RPL15B,TPI1,Ahu,0.6175366160147995
Vmin,RPL15B,MLS1,Aan,0.6093109363584759
Cacu,PCK1,CCW12,Cac,0.6076260381508689
Cacu,PCK1,TPI1,Ahu,0.6058701640354727
Cacu,PCK1,URE2,Cpo,0.603223525574613
Oeu,RPL15B,MLS1,Ara,0.5992257171360578
Vmin,RPL15B,CCW12,Ahu,0.5880629999303189
Ccal,ENO2,MLS1,Cro,0.5856618253938137
Ccal,PCK1,TPI1,Aan,0.584872225102469
Ccal,PCK1,CCW12,Cac,0.5844422269126888
Rsep,PCK1,MLS1,Oeu,0.5840843357534347
Ccal,RPL15B,TPI1,Ani,0.5690225809765259
Cacu,CYC1,CCW12,Rse,0.5628857059415253
Cacu,RPL15B,URE2,Cro,0.5625343774050897
Cro,PCK1,MLS1,Ani,0.5602998054663786
Rsep,CYC1,MLS1,Cpo,0.5534069621647184
Vmin,RPL15B,MLS1,Clo,0.5510574506595667
Vmin,PCK1,URE2,Cpo,0.5442867689678579
Cacu,CYC1,TPI1,Cpo,0.5391865991112894
Ccal,PCK1,URE2,Ani,0.5387626575494515
Cacu,RPL15B,TPI1,Ani,0.5382512258988221
Oeu,RPL15B,URE2,Ani,0.536711860559393
Oeu,RPL15B,URE2,Ara,0.5336430803384253
Smus,CYC1,MLS1,Cpo,0.5310716294154538
Opum,CYC1,TPI1,Ani,0.5195089334665255
Opum,PCK1,MLS1,Clo,0.517794509159156
Ccal,PCK1,CCW12,Ahu,0.5150600915847825
Opum,PCK1,CCW12,Ahu,0.5150102841879161
Ccal,CYC1,TPI1,Ara,0.5128913529402652
Cacu,CYC1,TPI1,Ani,0.5055160920822566
Oeu,PCK1,MLS1,Ani,0.5049274136597397
Ccal,PCK1,CCW12,Rse,0.5012568325995979
Cacu,CYC1,TPI1,Aan,0.4969227127395079
Vmin,CYC1,URE2,Cpo,0.4943543753593609
Opum,PCK1,URE2,Ani,0.491551640615274
Rsep,PCK1,URE2,Clo,0.4897180572975799
Oeu,CYC1,MLS1,Cpo,0.4818178310462677
Smus,ENO2,MLS1,Ahu,0.4818056826028893
Rsep,RPL15B,MLS1,Cro,0.4773414851980746
Opum,PCK1,URE2,Ahu,0.4587435882312292
Rsep,RPL15B,URE2,Cpo,0.4457583350649372
Cacu,PCK1,URE2,Ani,0.4437843067682081
Opum,ENO2,URE2,Ani,0.4405338775477858
Vmin,RPL15B,TPI1,Ani,0.4384587690457451
Opum,PCK1,MLS1,Rse,0.4383479585848242
Ccal,ENO2,MLS1,Cpo,0.4377401434437225
Rsep,PCK1,URE2,Ani,0.4332965038244829
Rsep,CYC1,CCW12,Ahu,0.4274284164443358
Smus,RPL15B,MLS1,Clo,0.4264852143139812
Smus,PCK1,URE2,Ani,0.4134719711896508
Cro,PCK1,MLS1,Ahu,0.4077762870857562
Smus,CYC1,URE2,Ahu,0.4044964256240853
Cacu,RPL15B,TPI1,Rse,0.4026797375074196
Smus,CYC1,CCW12,Ahu,0.3960884908365578
Rsep,CYC1,URE2,Ahu,0.3943372533670377
Ccal,PCK1,MLS1,Ara,0.3807442781838119
Ccal,RPL15B,CCW12,Ani,0.3739689334610716
Oeu,CYC1,CCW12,Ahu,0.372002663344201
Oeu,RPL15B,CCW12,Ani,0.362725849057913
Cro,PCK1,URE2,Ani,0.3531300710862979
Oeu,RPL15B,CCW12,Ahu,0.3520437823218429
Rsep,CYC1,MLS1,Ani,0.3504195079486152
Opum,PCK1,CCW12,Oeu,0.3425015699175731
Smus,PCK1,CCW12,Clo,0.3424111016312707
Cacu,PCK1,URE2,Cac,0.342293854447746
Cacu,CYC1,URE2,Cpo,0.3389140211124264
Oeu,PCK1,URE2,Rse,0.3371847972720729
Oeu,PCK1,URE2,Ani,0.3343794593183631
Vmin,PCK1,TPI1,Cpo,0.3230880323594896
Cacu,RPL15B,URE2,Cpo,0.3166525953210239
Rsep,RPL15B,CCW12,Ahu,0.3158873483769895
Rsep,CYC1,URE2,Cpo,0.3139089077545343
Oeu,CYC1,MLS1,Rse,0.3095552828498746
Oeu,RPL15B,TPI1,Ani,0.3094821235439404
Cro,PCK1,TPI1,Ahu,0.3089384664246708
Rsep,RPL15B,TPI1,Cpo,0.307127860068288
Smus,RPL15B,MLS1,Cpo,0.3025694287620446
Rsep,ENO2,URE2,Ahu,0.2976350005624226
Ccal,PCK1,CCW12,Ani,0.2859444803094
Oeu,CYC1,MLS1,Ani,0.2859074490425399
Opum,PCK1,CCW12,Cpo,0.2726477240064753
Ccal,RPL15B,MLS1,Ani,0.271172649155055
Cacu,PCK1,TPI1,Cac,0.2678912026496576
Ccal,PCK1,CCW12,Ara,0.26424856105168
Opum,PCK1,URE2,Ara,0.2627931658547737
Oeu,RPL15B,TPI1,Cpo,0.2469272198053751
Vmin,PCK1,MLS1,Cpo,0.2370093897079037
Cacu,PCK1,CCW12,Rse,0.2155963446761113
Cacu,PCK1,TPI1,Ani,0.2072370752466916
Smus,PCK1,MLS1,Oeu,0.1791428377216668
Opum,PCK1,MLS1,Ara,0.1741413013719288
Opum,PCK1,TPI1,Ani,0.1616716902184833
Oeu,PCK1,URE2,Cro,0.1326684536515543
Cacu,CYC1,URE2,Ahu,0.1199227415000301
Cacu,RPL15B,URE2,Ahu,0.0976613157086241
Oeu,ENO2,URE2,Ani,0.0939416296748802
Oeu,CYC1,TPI1,Cpo,0.0803631823462573
Cro,PCK1,URE2,Cpo,0.0771314663464544
Oeu,RPL15B,CCW12,Cpo,0.0680985842132777
Oeu,ENO2,TPI1,Ani,0.0513399363497022
Cacu,CYC1,TPI1,Rse,0.0365418182108818
Oeu,PCK1,URE2,Ahu,0.0177223245823689
Ccal,PCK1,TPI1,Ani,0.0169433998288148
Smus,PCK1,URE2,Ahu,0.0071614000518458
Vmin,CYC1,CCW12,Ahu,0.0065797043406696
Ccal,PCK1,MLS1,Cac,-0.0081177542186736
Cacu,PCK1,TPI1,Rse,-0.0345989897878027
Rsep,RPL15B,CCW12,Cpo,-0.0603992022827206
Oeu,RPL15B,URE2,Cro,-0.0660757613413203
Opum,PCK1,CCW12,Cro,-0.0943610464865614
Vmin,CYC1,TPI1,Ahu,-0.0972953814154209
Smus,RPL15B,CCW12,Ahu,-0.1054232094234173
Vmin,PCK1,CCW12,Ani,-0.131249495489456
Opum,PCK1,MLS1,Cpo,-0.1377779091891007
Cro,PCK1,URE2,Ahu,-0.1457626333097046
Rsep,RPL15B,URE2,Rse,-0.1458945135615472
Cacu,PCK1,TPI1,Ara,-0.1467301304806767
Ccal,CYC1,MLS1,Ahu,-0.1693728056014087
Vmin,PCK1,MLS1,Rse,-0.1799207500980379
Oeu,PCK1,MLS1,Cpo,-0.1838704869464607
Rsep,RPL15B,TPI1,Ani,-0.1984344073469337
Oeu,RPL15B,URE2,Rse,-0.2013897089365457
Cacu,CYC1,URE2,Ani,-0.2198511487229097
Rsep,PCK1,MLS1,Clo,-0.2201805381906965
Rsep,PCK1,URE2,Ahu,-0.2208449493073097
Oeu,PCK1,URE2,Cpo,-0.2266573487123899
Cacu,RPL15B,URE2,Ani,-0.2421125745143157
Oeu,PCK1,TPI1,Ahu,-0.2471309041565739
Ccal,PCK1,URE2,Ara,-0.2906336880708089
Cacu,PCK1,TPI1,Aan,-0.3001852569114085
Rsep,PCK1,CCW12,Clo,-0.3115217966386154
Ccal,ENO2,TPI1,Cac,-0.3255403365077249
Oeu,CYC1,TPI1,Ani,-0.3307455403360499
Rsep,PCK1,MLS1,Cpo,-0.3311334215254362
Vmin,ENO2,URE2,Ani,-0.3476213723832373
Cro,PCK1,MLS1,Clo,-0.370701316100444
Ccal,CYC1,MLS1,Ani,-0.3922590443060407
Vmin,PCK1,TPI1,Oeu,-0.4160351364946493
Oeu,PCK1,CCW12,Ara,-0.4532945139245328
Smus,PCK1,URE2,Clo,-0.4722543807227239
Vmin,PCK1,MLS1,Ara,-0.5363725582423129
Rsep,PCK1,TPI1,Ahu,-0.539904022256195
Rsep,PCK1,MLS1,Ani,-0.5481795399659539
Rsep,PCK1,URE2,Cpo,-0.552347696705251
Smus,PCK1,CCW12,Cpo,-0.6037000814831686
Oeu,ENO2,MLS1,Ani,-0.61760320770993
Smus,PCK1,MLS1,Cpo,-0.6609486553146446
Oeu,PCK1,URE2,Ara,-0.7003281596564648
Oeu,RPL15B,CCW12,Ara,-0.7195241023273589
Smus,PCK1,MLS1,Ani,-0.7220968380686266
Smus,PCK1,CCW12,Ahu,-0.7266204104165617
Vmin,PCK1,CCW12,Cro,-0.7721961956701584
Oeu,ENO2,TPI1,Ahu,-0.7954169010715404
Vmin,PCK1,CCW12,Clo,-0.8033323260568501
Oeu,PCK1,CCW12,Ani,-0.8844561800157891
Ccal,ENO2,MLS1,Ara,-0.8887124353494613
Vmin,ENO2,MLS1,Ani,-0.8958801087415083
Vmin,PCK1,CCW12,Rse,-0.8963850338441866
Vmin,PCK1,CCW12,Ahu,-0.920384009140605
Rsep,PCK1,CCW12,Ani,-0.920612613960639
Ccal,PCK1,TPI1,Clo,-0.9329494763850584
Oeu,PCK1,CCW12,Rse,-0.9521441221927276
Cro,PCK1,MLS1,Ara,-0.9626020518874654
Cacu,PCK1,TPI1,Clo,-0.97975900407679
Vmin,PCK1,TPI1,Rse,-0.996898404895422
Cacu,ENO2,TPI1,Ani,-1.0232462054889917
Oeu,PCK1,CCW12,Cro,-1.027224024199299
Vmin,PCK1,URE2,Ara,-1.1362617743674193
Rsep,CYC1,TPI1,Ahu,-1.2212345791095345
Oeu,CYC1,TPI1,Ahu,-1.230978145730937
Rsep,PCK1,TPI1,Oeu,-1.3250621081351035
Opum,PCK1,CCW12,Rse,-1.3463206911964178
Rsep,PCK1,MLS1,Ara,-1.5290155180740008
Oeu,PCK1,CCW12,Ahu,-1.5683908995940428
Rsep,PCK1,CCW12,Ahu,-1.5840415950027626
Smus,PCK1,MLS1,Ara,-1.6184522807548447
Vmin,PCK1,URE2,Clo,-1.7179495402007277
Oeu,PCK1,TPI1,Ara,-1.7245730044936316
Smus,PCK1,TPI1,Ahu,-1.7608852197494187
Smus,PCK1,MLS1,Clo,-1.78389129262116
Vmin,PCK1,CCW12,Cpo,-1.8410825391765189
Vmin,PCK1,TPI1,Ahu,-1.95171446908196
Ccal,ENO2,TPI1,Ani,-1.9902004436552616
Oeu,PCK1,CCW12,Cpo,-2.0826323335522794
Rsep,PCK1,CCW12,Cpo,-2.2236011529106072
Smus,PCK1,TPI1,Ani,-2.347471323316324
Oeu,PCK1,TPI1,Ani,-2.373271952517612
Cro,ENO2,MLS1,Ani,-2.377756396531229
Vmin,PCK1,MLS1,Clo,-2.4527557977709726
Rsep,ENO2,MLS1,Ani,-2.5530444697057035
Rsep,PCK1,CCW12,Rse,-2.813506836031664
Ccal,PCK1,TPI1,Ara,-3.103401729699005
Cro,PCK1,TPI1,Ani,-3.5877221860410096
Vmin,PCK1,TPI1,Ani,-3.955426280663694
Rsep,PCK1,TPI1,Ani,-5.790355413426031
